Age,AnnualIncome,SpendingScore,PurchaseFrequency,AvgOrderValue,DaysSinceLastPurchase,WebVisitsPerMonth,LoyaltyPoints,AccountAgeYears,SatisfactionScore
44,83154,74,2,79,264,27,4001,2.7,4.9
23,28329,48,7,56,262,17,4010,11.5,2.1
54,126053,71,14,133,175,2,1703,3.8,3.7
28,104498,60,6,157,318,18,3512,8.3,1.9
68,49929,14,3,41,41,7,2522,1.1,2.4
40,53989,46,5,48,45,0,3472,4.5,2.8
39,49198,33,8,61,216,24,1286,11.4,4.1
70,80383,25,0,25,311,7,1753,11.7,2.8
47,48544,14,0,12,351,17,2063,2.5,2.9
53,179865,73,24,195,361,1,100,2.7,4.7
27,82179,61,6,243,262,5,3910,8.9,1.5
30,32722,31,0,23,41,21,88,5.3,2.6
62,62138,8,2,40,261,25,4163,6.0,4.6
51,86972,21,2,32,257,20,4027,7.5,4.5
62,91149,20,0,16,150,27,4905,1.1,4.7
51,58786,79,1,288,193,18,1449,9.6,3.6
31,52719,74,6,296,105,30,1088,9.2,3.7
43,83186,32,3,44,339,19,4680,6.3,1.6
37,104547,100,20,269,31,20,1870,12.0,4.5
28,26146,23,6,36,21,23,3628,12.0,2.5
55,109223,76,18,191,289,9,4916,4.5,2.7
42,57336,33,3,18,277,8,4646,2.1,3.9
21,54455,29,2,23,268,30,3474,6.6,2.6
42,57211,34,8,77,193,4,930,11.4,4.8
30,39662,40,7,66,35,8,1856,11.8,1.5
41,53561,40,5,53,286,26,4721,10.4,3.9
40,58701,51,1,58,267,24,2717,7.0,1.2
54,83871,97,13,243,54,21,3695,0.5,2.6
36,81935,71,6,113,112,2,1675,3.7,3.5
29,88319,80,4,81,263,18,3951,10.5,2.6
54,142957,95,23,250,73,30,4994,2.2,1.1
45,97797,85,16,377,69,2,2790,10.7,4.6
26,114269,76,4,110,42,7,1177,3.4,1.2
62,101050,45,5,280,215,22,2613,1.2,2.6
35,26023,28,7,76,27,13,2592,11.1,3.1
67,81511,18,1,59,110,14,4190,4.5,4.0
24,75700,8,1,14,295,18,4675,11.6,4.4
45,129765,93,23,100,341,27,4009,7.7,1.0
40,48741,38,8,35,142,9,2759,2.3,3.0
37,50010,40,2,205,280,15,4101,7.7,1.2
52,94628,76,3,238,306,2,4427,5.0,3.6
63,117004,71,6,119,309,22,1584,8.4,1.0
25,44778,37,8,79,242,0,1695,5.7,2.5
52,63239,30,2,30,248,22,3166,10.7,1.9
28,47430,29,5,17,259,3,1822,1.6,1.7
41,17498,13,0,18,84,13,3221,3.7,2.0
25,86863,60,3,297,332,20,3633,2.9,2.1
41,47783,33,4,33,337,8,4024,5.3,1.0
45,52919,21,9,23,32,1,1183,3.1,3.1
35,29838,25,3,51,301,7,4897,7.3,2.6
56,47061,26,1,58,314,24,1663,3.0,1.8
36,49236,46,8,80,108,17,3264,6.3,4.2
31,53601,23,9,41,286,27,3552,11.6,1.4
40,38663,28,1,25,171,1,4023,9.7,3.5
35,55613,35,5,61,69,3,4749,7.3,1.1
63,102936,41,6,100,107,29,2370,2.2,4.6
28,101722,69,2,234,79,13,3554,2.3,1.4
44,132973,84,22,327,276,27,3385,11.5,3.7
42,59436,35,3,23,312,1,2939,7.9,2.8
50,90256,33,1,23,17,11,1765,8.3,2.1
28,48592,9,3,17,29,22,1928,3.0,2.1
49,39616,17,2,16,271,17,2242,9.4,1.4
66,66570,7,1,19,298,9,175,4.9,4.8
29,49656,19,3,23,307,17,2852,5.8,1.6
60,83602,15,0,10,239,4,4528,11.2,3.8
36,43259,36,2,18,297,19,4823,11.0,2.7
45,37546,40,7,17,168,2,2189,7.4,2.2
65,44293,16,3,33,140,7,2351,11.4,2.3
36,96084,23,3,16,32,15,4091,8.7,3.3
47,33667,9,1,19,358,13,2518,10.5,2.5
54,122434,99,15,221,18,0,1210,6.0,1.5
28,112423,66,5,170,355,13,4612,3.0,3.2
40,94191,78,19,223,284,12,4868,8.2,1.5
51,24223,9,0,41,176,27,52,0.8,2.6
41,127965,86,19,391,113,27,4795,10.7,1.6
28,36786,30,7,70,174,5,1737,2.3,1.4
42,60999,52,5,255,293,18,3060,7.9,4.6
54,93603,11,1,13,123,17,648,3.9,3.3
45,81738,81,21,289,363,2,106,10.1,4.3
33,27338,40,3,32,266,27,3970,3.6,3.8
32,139425,96,14,112,352,12,4734,9.6,1.9
22,38048,30,4,71,266,18,4935,9.1,4.6
26,81232,23,1,10,329,5,4526,3.5,2.4
46,127077,71,18,296,27,17,1554,9.0,3.3
40,46764,21,6,60,271,18,3449,4.0,3.5
47,115628,78,8,223,279,30,3505,4.3,2.2
49,104477,98,23,126,352,30,3053,3.1,2.8
20,59073,17,3,19,116,0,387,10.0,2.6
48,165029,79,16,300,56,11,86,10.3,1.6
30,23449,33,8,62,193,13,452,10.2,4.3
41,160946,70,24,284,330,11,3750,5.2,2.9
45,51214,38,5,27,309,9,3993,3.3,2.8
52,104994,80,12,142,356,25,4640,8.8,4.7
48,96351,70,12,333,217,29,2228,6.0,4.6
36,82920,54,2,70,52,2,4758,0.7,2.7
66,32518,12,3,38,99,20,4523,1.4,1.9
20,55208,27,3,48,190,5,2047,5.9,4.7
36,120460,82,14,200,93,16,3628,3.2,1.6
51,91928,65,5,150,212,24,4353,0.5,3.6
60,55339,42,1,233,185,29,4556,7.0,2.4
37,27591,30,9,62,28,29,758,10.3,2.1
54,63963,75,6,62,247,14,2242,7.5,3.9
55,116968,98,24,366,59,11,935,11.5,2.1
23,93200,26,2,26,57,14,763,0.5,4.5
41,69398,31,1,35,201,13,4393,6.7,2.2
46,80794,80,6,152,113,15,4065,5.2,2.4
64,55970,50,6,108,142,9,1087,2.9,4.2
43,103724,75,20,319,138,16,2537,7.4,1.4
24,55901,17,1,45,265,7,3308,2.7,2.3
51,129027,94,14,202,45,21,2955,1.1,1.8
31,48244,23,3,71,3,5,3974,6.1,2.9
44,109800,76,2,164,88,23,1439,2.8,3.5
45,129841,72,21,385,83,28,1393,4.2,3.2
37,65744,53,6,230,161,22,4059,3.7,3.1
53,85896,41,4,99,313,15,1240,6.9,2.7
40,68389,15,3,41,302,18,455,4.7,3.0
43,38950,28,4,57,64,2,4145,0.5,2.3
45,60214,77,6,82,149,3,3023,11.1,3.1
33,55799,22,2,10,35,30,3489,10.2,1.3
21,64890,13,0,29,157,10,1739,12.0,3.0
36,52630,46,3,147,314,3,2261,5.3,3.7
61,54162,7,2,40,117,6,3892,5.2,4.9
25,61616,52,3,68,323,15,4151,0.9,3.5
25,90215,16,3,51,53,21,2450,10.9,1.4
31,86670,77,6,216,184,10,4359,9.3,3.2
32,55982,21,9,37,305,12,3492,8.7,4.4
47,113717,77,24,365,36,12,4430,3.8,1.6
63,37269,11,0,48,310,1,3732,11.1,4.2
35,47865,15,0,25,12,21,56,4.6,1.0
32,56236,72,1,264,263,15,1890,2.6,1.1
58,64494,12,1,39,94,5,1693,9.4,1.9
57,57464,6,2,23,75,29,3160,10.7,2.3
38,140860,77,19,207,168,26,1153,2.1,4.0
41,77004,43,3,270,108,30,4614,5.7,1.8
48,62654,52,6,218,178,25,4812,5.3,1.6
50,129787,96,9,113,313,17,3755,2.0,2.0
52,121190,72,16,224,59,29,3168,3.6,4.2
52,106229,83,19,314,159,22,404,11.7,4.9
42,43639,49,6,37,220,1,345,5.0,3.2
25,32408,36,6,41,185,27,3788,7.3,3.5
61,89401,63,5,194,86,4,2670,0.9,2.9
38,38060,24,2,49,228,14,2911,4.8,2.3
36,53625,41,7,70,104,17,1541,5.2,2.6
54,57632,53,1,238,2,2,1373,1.6,1.3
40,53805,35,7,41,329,24,2144,2.2,2.2
45,42006,29,7,73,148,18,4149,6.4,3.5
51,41240,22,1,33,78,11,2345,2.7,3.5
30,36311,49,7,37,33,11,517,5.9,3.7
49,105047,41,4,293,273,23,4702,7.7,4.2
43,36761,35,3,60,244,24,2628,5.0,1.4
51,90070,71,14,110,84,5,840,8.6,1.8
48,63973,51,1,270,214,19,4194,2.8,1.8
41,62939,56,2,289,85,13,1889,7.6,2.6
23,39331,28,7,40,244,3,2753,7.8,2.1
49,131480,85,25,325,253,17,4096,9.7,4.1
51,96339,90,19,151,107,5,3462,6.5,1.7
42,45771,26,7,60,138,13,332,2.6,3.9
22,22300,48,7,71,43,18,3727,3.0,1.8
41,118441,80,18,170,233,30,4580,8.8,2.7
40,44966,20,4,42,169,13,2328,0.4,3.7
20,55001,33,10,25,308,23,3056,0.2,3.8
49,89577,17,1,52,269,30,886,12.0,5.0
50,154469,79,25,335,140,12,964,2.2,4.9
49,171217,91,8,118,73,9,745,4.4,1.5
58,101963,53,4,103,171,6,1660,2.1,2.9
36,58871,39,8,67,223,16,3545,9.7,4.7
59,85203,53,1,72,198,5,549,0.8,3.7
40,26040,14,2,39,106,25,3297,8.8,3.7
37,60246,41,3,140,225,15,543,8.0,4.7
51,98861,84,18,393,213,1,4564,11.1,3.2
60,100206,79,4,205,97,10,4271,3.7,2.0
26,26542,28,6,57,86,23,830,2.1,3.8
20,70608,9,0,58,320,28,4195,1.4,1.2
28,65130,60,1,254,155,23,850,3.6,2.4
47,125699,70,10,223,346,8,3925,7.6,3.9
32,69347,13,0,21,88,25,3374,3.7,1.5
39,73370,58,3,104,308,29,3259,0.3,2.2
26,60965,69,3,231,323,8,1132,4.5,1.9
51,59226,29,1,38,222,16,1449,0.3,1.4
35,99977,79,20,299,63,29,2127,10.6,4.1
49,143991,70,13,104,312,24,3834,7.1,1.1
61,47353,16,0,53,163,19,634,1.0,2.4
27,27687,34,2,32,344,27,2869,10.8,2.0
18,84649,17,0,29,332,7,3831,9.2,4.7
29,63207,11,3,15,253,4,290,8.2,2.3
27,21626,20,5,38,173,30,3135,6.9,4.2
53,82954,44,2,286,121,2,822,4.3,3.4
39,39049,37,6,35,73,13,3541,2.5,2.5
20,58863,48,2,41,329,30,2549,8.3,1.5
41,129935,90,18,200,364,12,3539,6.0,1.8
51,75657,61,1,241,155,10,1382,2.3,4.0
26,29122,48,7,42,159,16,2629,8.7,4.3
66,95260,23,1,55,131,19,3328,4.3,2.8
60,81444,54,3,95,62,21,4976,6.0,4.9
36,15854,35,3,28,46,4,1607,11.2,4.8
40,116816,71,12,257,134,14,4120,2.5,4.5
39,16905,8,3,22,73,15,171,11.5,3.6
38,93396,97,8,277,65,12,4957,7.6,1.8
37,36906,19,1,56,38,5,3327,11.4,2.0
43,76568,64,4,157,261,20,3940,7.4,2.7
49,112828,80,2,148,306,16,3345,8.5,1.0
52,110469,76,15,167,250,19,4595,8.9,4.8
45,26201,46,9,15,88,20,3416,8.0,2.9
22,53877,32,2,49,49,27,4424,4.3,2.2
40,70373,35,0,36,22,25,1710,6.6,3.3
34,102209,41,4,181,95,26,1291,11.7,2.8
50,59388,59,1,242,6,18,3115,4.7,3.7
64,72245,79,2,90,173,30,3701,6.4,1.2
27,105516,76,1,98,29,26,1823,3.5,4.0
65,24331,7,1,13,71,15,1741,0.4,4.4
27,54613,40,7,57,360,27,797,8.4,1.6
21,50454,24,4,40,24,25,1676,3.0,3.9
27,34700,38,10,60,35,3,982,11.5,3.5
66,76550,34,1,44,339,14,4928,2.0,3.2
42,72358,35,1,25,201,0,4516,8.6,1.7
69,68490,15,0,29,131,21,2131,9.6,2.5
35,40946,5,3,19,12,12,4324,0.9,3.7
61,66169,77,5,229,225,4,412,2.2,3.4
32,107326,70,8,365,140,7,1789,7.1,5.0
48,172465,87,11,138,359,30,3588,7.1,2.0
20,42125,20,9,50,293,30,2783,0.7,2.1
25,48902,23,4,15,73,22,4260,3.4,4.8
32,103655,45,6,146,304,6,3346,9.7,2.1
46,177121,86,18,158,336,20,3504,2.9,2.0
36,144227,70,18,347,365,21,2410,1.0,2.0
28,37965,18,2,48,138,3,2673,1.6,4.7
36,42932,22,8,44,162,15,4235,1.0,4.2
36,51443,27,3,36,257,8,3922,1.4,1.8
55,93168,94,9,191,310,20,827,11.3,3.1
32,62903,75,3,184,42,29,989,9.9,1.2
49,55982,48,2,246,190,7,2767,7.6,3.4
50,36365,21,0,16,139,30,394,6.5,4.4
30,48101,27,3,66,254,26,3133,4.8,1.6
42,153528,88,13,337,271,28,4544,6.7,4.5
23,86471,7,1,44,118,9,4084,8.1,2.8
41,91628,70,16,342,120,0,4544,0.5,5.0
23,34127,23,3,53,262,5,2548,7.6,4.4
39,52740,57,3,129,196,18,3804,6.4,3.4
45,41472,38,8,43,154,18,128,9.2,4.7
44,83937,28,1,25,142,11,59,0.8,1.4
30,61357,52,6,61,110,0,3631,9.3,4.4
45,80544,82,11,298,351,23,3292,6.7,2.1
37,85578,26,1,60,329,0,4909,6.3,1.5
58,59287,72,1,186,200,18,3221,7.3,1.9
41,83566,43,3,144,226,4,2532,6.0,2.8
55,109155,94,21,200,333,30,3307,1.9,3.8
43,80997,100,16,399,347,29,2412,11.4,2.9
26,24474,48,2,23,225,1,3197,5.1,4.3
33,72393,9,0,54,280,25,2973,9.5,3.3
57,82793,43,3,173,21,24,2999,8.4,1.4
33,40816,32,7,64,355,8,826,8.2,2.3
44,74972,8,2,39,58,2,973,1.8,4.7
33,148460,92,8,272,321,16,4642,2.4,2.5
49,97725,23,1,36,94,11,2777,1.7,2.8
41,83706,92,15,196,178,27,4975,9.6,3.1
59,56182,73,4,66,259,13,4231,8.9,1.8
38,106758,78,12,182,304,19,4063,6.5,1.9
52,170430,70,10,223,113,28,4775,6.6,4.3
48,81794,78,8,124,127,15,3443,4.2,2.2
33,119850,71,18,321,171,23,3,1.9,2.4
20,93352,6,2,49,29,4,3776,8.9,3.3
50,75284,65,5,269,35,24,4873,9.2,4.6
44,54189,33,6,39,195,4,3346,7.1,4.8
43,171812,76,20,327,344,30,3891,10.6,2.8
38,39276,24,3,55,349,18,2450,11.2,4.2
57,28011,16,2,55,277,20,3785,11.1,3.2
51,163431,78,11,170,133,10,1342,9.6,4.0
20,62397,6,3,31,174,1,2638,5.2,2.1
47,177360,100,25,372,338,26,3157,5.4,4.8
26,63293,54,5,78,296,6,4305,5.6,2.8
30,89165,50,1,75,124,8,4406,10.3,1.8
37,24925,49,6,17,150,12,1449,3.8,3.1
45,43443,46,9,38,111,13,1331,5.8,1.9
46,166618,88,8,223,157,10,2430,3.8,3.6
40,73414,44,6,291,22,27,4864,3.9,4.8
53,69865,8,3,39,341,6,468,9.4,2.9
48,161315,72,24,242,204,14,3435,0.9,1.1
32,62146,42,2,232,180,12,1335,3.9,3.8
22,23719,43,2,33,270,0,2838,5.5,4.7
48,53054,41,1,245,132,9,2246,1.0,2.7
61,46226,6,2,56,230,28,1281,6.0,2.7
20,30732,23,9,55,277,18,1465,9.9,3.2
40,105412,84,8,160,117,20,3916,8.5,3.8
51,139820,75,8,210,79,28,2287,6.3,3.4
27,50507,48,9,61,216,15,3898,7.4,2.1
42,86472,15,1,21,142,3,2404,6.1,1.6
45,137843,81,23,246,224,25,2822,6.4,3.7
53,63721,17,2,33,45,24,4765,2.2,1.6
28,45291,37,4,61,47,12,2833,1.8,3.7
31,57760,8,0,45,240,15,4344,4.8,2.0
38,117309,87,23,348,226,9,3644,11.3,4.1
60,25138,35,0,22,35,16,4398,5.3,4.1
35,51880,47,8,22,210,21,4418,6.1,3.1
46,52057,28,1,10,170,21,249,8.0,4.4
52,53801,17,1,19,36,12,1714,3.2,2.6
47,174533,82,18,158,178,7,703,1.7,2.2
51,110597,92,24,164,322,19,4110,7.7,2.9
47,178137,96,21,360,219,10,885,11.1,2.0
69,21955,30,0,41,8,25,2866,6.8,3.5
20,29026,33,2,33,355,27,1351,2.3,2.2
28,45286,50,7,57,79,22,4924,4.4,2.9
68,40645,34,2,17,195,17,1953,1.8,4.8
25,50351,42,3,25,110,20,661,6.1,1.2
53,116440,89,24,126,17,23,4371,3.1,4.9
46,97174,68,6,174,127,9,1774,1.9,1.7
36,96697,91,10,381,325,7,3406,4.7,4.2
64,117833,55,3,200,263,20,81,6.3,2.6
31,33115,23,3,30,262,8,2743,5.2,2.9
34,23495,40,4,48,154,12,4998,6.4,2.4
49,88032,82,20,114,294,9,3828,6.3,4.9
27,70795,14,3,56,170,16,4357,11.1,3.4
29,50073,13,2,34,125,2,1165,8.8,3.7
41,22810,38,4,73,157,18,2012,8.3,4.3
51,90483,74,12,119,94,30,606,4.2,1.4
40,53279,31,3,41,197,16,2284,0.5,2.2
52,130817,91,18,184,118,15,64,0.1,3.1
49,77404,16,0,49,28,24,378,2.5,1.6
19,77365,12,2,58,238,16,2350,3.0,2.7
59,90576,67,3,212,113,2,506,9.8,5.0
26,35201,37,7,47,125,14,3560,11.5,2.9
53,126599,87,18,375,90,2,3463,10.6,2.1
63,104993,74,2,85,139,6,763,10.9,3.7
34,126624,100,19,356,257,19,4257,2.4,3.5
20,51272,37,3,49,57,4,2702,5.7,3.7
21,74934,20,1,29,130,28,2814,3.7,4.3
38,93969,35,3,14,53,7,902,4.5,4.0
69,83999,31,3,23,60,21,339,1.7,1.6
45,106263,54,5,292,144,30,3501,6.4,2.5
42,26523,45,2,16,99,27,2836,6.7,2.4
26,64546,11,1,54,243,11,282,10.1,3.0
49,100265,82,17,194,57,23,54,2.2,3.2
70,36282,34,0,41,128,13,3392,11.2,4.6
61,114701,42,4,216,320,26,2563,7.0,3.5
48,133043,91,16,212,339,22,1963,4.2,1.6
26,72565,44,1,270,62,28,4167,5.7,3.7
31,150461,97,12,191,66,1,2940,2.9,4.0
47,156865,77,19,296,26,16,4679,6.4,2.2
22,73587,8,0,15,147,15,4395,2.3,4.2
61,63057,47,4,99,291,1,3212,5.1,1.2
50,84579,25,2,39,220,24,317,2.3,4.8
23,47834,20,5,59,28,4,2501,10.8,2.4
70,41115,9,3,60,32,29,2862,1.9,4.6
51,136028,89,16,260,221,28,2455,4.6,2.7
43,98293,34,2,36,315,27,983,3.4,3.9
25,52273,40,1,264,358,3,1734,9.1,4.9
37,108634,72,3,175,50,0,3888,3.0,4.2
25,29651,30,10,43,115,15,3502,9.4,4.6
26,35421,28,7,20,60,10,2260,1.5,3.0
54,105252,67,1,60,358,20,413,0.5,4.5
33,149425,98,20,183,330,23,2196,6.0,4.0
40,33507,50,6,80,341,18,698,3.5,1.5
32,26297,35,2,54,178,20,2875,8.1,1.2
46,143034,81,23,273,236,10,807,11.4,1.8
43,56147,24,5,77,28,21,4403,3.4,2.0
26,63815,52,6,188,45,7,4149,4.5,5.0
31,90462,51,5,107,83,30,3300,8.9,5.0
20,23614,20,3,25,118,26,3990,8.0,1.3
41,40243,17,0,32,151,25,4628,5.9,1.7
22,22494,37,4,64,85,20,3936,5.7,2.7
43,171119,70,17,159,259,13,3180,0.2,4.9
43,28150,7,1,45,296,4,712,8.5,4.9
57,106462,59,2,142,288,25,1945,0.4,3.0
26,44734,26,3,48,297,27,1102,6.1,3.4
46,169921,82,11,343,164,20,3233,6.6,1.9
42,100075,57,6,225,87,5,234,5.1,4.3
30,42487,36,5,21,6,6,2864,6.5,3.7
41,68177,25,1,26,149,19,793,8.7,4.4
39,88045,75,5,111,44,28,4980,10.0,4.6
64,36441,34,3,38,260,25,1717,3.5,3.0
24,52895,22,10,26,198,21,3881,1.1,4.9
60,27293,8,0,24,146,1,1429,0.7,4.7
33,24328,35,6,55,233,24,2143,1.4,3.5
46,115650,90,24,102,10,25,509,0.4,1.1
37,111299,71,13,160,142,26,4485,7.1,2.0
32,92275,93,15,392,83,3,2910,8.0,3.2
48,99660,84,23,175,137,9,2046,7.8,3.8
45,99468,44,5,237,159,13,4594,6.9,1.4
26,46029,50,7,71,159,15,364,11.2,3.5
39,147547,84,11,194,358,21,4988,9.1,4.5
27,54221,48,4,63,178,13,993,6.8,3.1
52,24238,9,3,35,211,21,4753,1.5,3.9
43,49987,47,9,18,346,26,4115,9.8,2.7
40,74762,34,2,44,218,11,4891,5.5,3.7
63,110814,71,4,173,110,22,4153,0.3,4.6
27,103933,73,2,99,336,23,2033,9.4,1.9
38,35650,28,9,51,354,2,1439,5.3,3.2
70,59280,19,0,38,126,20,4461,10.9,2.5
18,62107,9,0,39,108,4,546,3.1,1.0
57,107516,75,5,92,322,16,4303,10.7,4.9
38,42709,30,9,65,317,24,1785,0.8,3.1
35,22089,34,3,16,214,4,1543,8.3,3.6
43,79471,59,3,209,41,18,4030,3.8,4.4
50,151559,98,17,377,204,15,1016,1.4,2.8
29,59953,36,7,63,123,8,1655,5.1,4.3
49,112848,73,21,172,324,22,3209,11.6,1.7
46,159541,82,13,386,341,15,465,1.1,3.9
23,44391,47,8,69,230,1,516,8.2,3.5
25,75917,8,0,27,171,22,4998,6.9,3.4
45,90290,99,24,381,343,0,1227,2.2,2.0
20,56049,6,1,29,198,3,736,5.7,2.2
63,48654,34,0,27,209,26,2829,4.4,2.3
27,33529,49,7,61,301,2,3399,9.5,4.0
41,165967,83,20,199,13,22,1608,4.6,1.9
63,55334,21,3,31,10,1,3657,11.3,2.0
36,91559,40,1,195,45,13,2997,2.8,2.0
55,131489,90,21,318,321,24,3931,5.9,3.5
28,24227,29,7,34,141,30,2256,6.6,2.7
51,121464,76,19,112,293,0,2174,2.4,2.4
46,116344,71,20,206,307,4,4923,8.6,3.5
41,27887,29,1,19,234,2,402,0.5,3.5
35,136264,94,16,220,265,8,3867,8.6,3.9
48,100739,90,8,285,25,29,4961,1.2,2.5
27,57129,41,4,46,201,4,2603,7.0,1.9
41,79172,28,0,17,356,27,4976,2.1,2.2
34,146959,94,14,101,14,13,1418,10.5,4.0
46,107767,99,13,237,187,3,3395,6.0,1.4
43,31036,26,3,10,252,19,699,1.2,1.6
27,34968,50,7,30,128,23,1716,4.4,1.3
40,96166,67,2,232,279,27,3771,8.7,3.9
65,52880,57,6,287,355,0,4706,3.1,2.1
60,80067,7,3,45,85,17,4996,6.5,1.3
29,38706,32,10,35,50,12,1594,4.6,3.4
36,148574,83,17,324,119,4,1330,2.7,1.6
28,30401,47,8,40,232,27,4556,8.7,2.6
35,124617,78,11,250,176,4,4271,9.4,4.8
55,95504,79,1,121,133,14,2318,8.4,2.8
38,85794,57,1,50,177,14,4802,3.7,3.9
62,57171,10,2,23,91,18,2021,7.6,2.1
59,80400,57,6,145,61,18,4810,4.5,4.7
48,56698,34,2,41,70,22,4454,9.4,4.0
19,71090,18,1,32,1,3,3512,11.3,1.7
37,108798,68,1,116,314,27,2336,6.6,2.9
58,82810,77,2,159,60,11,1408,11.1,4.5
20,41149,44,8,32,27,27,4584,10.3,3.0
53,142119,90,24,102,305,16,4214,10.8,1.7
48,96957,81,13,158,3,20,4860,3.4,1.6
41,114371,76,1,104,26,23,1284,5.9,4.1
38,58024,20,4,55,45,0,126,9.6,4.7
35,59169,37,4,61,238,18,4674,10.0,4.6
30,36426,49,5,36,221,25,278,2.9,4.4
28,50582,69,4,214,17,0,1908,5.8,3.1
24,60502,6,3,44,168,4,2405,4.6,3.0
61,71187,43,5,133,60,30,2933,1.1,1.7
42,20955,5,3,54,149,18,2299,11.0,1.4
25,63926,23,0,25,208,9,4102,8.7,2.0
42,42538,39,2,28,75,10,4933,7.0,3.0
28,35024,42,4,71,277,29,3492,7.6,1.3
36,94533,79,5,244,166,25,3972,1.1,3.3
60,80101,6,0,39,46,19,683,8.9,3.8
37,128038,76,15,305,115,28,2861,7.5,1.5
29,41475,13,0,31,324,2,3054,3.9,4.8
44,47453,31,0,52,333,8,1812,6.5,1.2
32,124937,79,12,159,58,27,4275,9.1,3.5
64,83657,78,6,278,59,19,1211,8.7,2.5
32,112372,53,2,150,335,12,3465,3.7,1.5
22,34287,45,9,48,12,24,5,8.4,3.3
33,94093,70,21,226,285,5,1484,3.4,2.1
32,42762,44,6,55,42,21,4209,7.3,3.6
50,155926,85,24,269,167,2,3687,7.2,2.4
32,57952,37,2,42,139,11,4935,8.6,3.1
20,38587,39,6,21,269,1,4983,10.6,1.1
43,156881,80,20,376,48,19,4389,8.4,1.8
22,46054,35,4,64,198,9,140,9.2,4.3
42,23157,34,7,15,173,18,4707,6.8,3.6
35,17697,21,0,13,193,14,903,0.8,1.4
41,27838,5,2,48,84,26,208,6.5,2.3
36,90919,13,2,54,183,22,4366,2.4,1.8
52,100491,61,3,276,290,30,2013,3.1,2.8
55,99368,94,21,364,281,16,1017,0.2,3.5
63,97205,26,1,21,31,2,4900,5.6,3.5
20,52147,40,10,30,238,23,3471,1.6,4.9
30,41981,49,10,29,44,20,952,2.1,2.8
24,62527,32,0,44,16,14,4119,10.3,2.2
49,111380,67,6,253,10,1,2080,10.5,4.8
63,108164,66,3,177,48,5,2773,3.2,4.5
53,96249,45,5,150,33,8,4699,10.3,3.5
51,172231,78,8,400,11,10,2486,11.2,2.2
28,64039,9,0,36,179,7,4519,10.8,3.5
45,58146,48,2,73,207,12,3295,5.9,3.8
44,73820,40,2,76,165,15,4826,7.2,1.0
60,58611,46,2,121,189,24,478,9.6,2.8
33,34662,30,2,68,262,1,843,6.9,5.0
25,69846,18,1,23,311,20,1875,4.4,4.6
32,140438,90,22,188,214,10,2750,6.1,4.4
24,48482,23,5,57,336,25,2129,11.3,4.3
32,168016,96,25,165,110,6,1086,7.8,4.6
35,122506,97,15,122,142,26,3269,5.7,2.2
24,86374,34,2,24,120,3,635,4.1,2.2
30,47178,25,10,73,174,6,872,9.3,2.0
27,44818,29,4,29,177,4,4808,5.0,2.5
66,23274,17,3,22,333,19,1714,8.7,1.8
25,26296,33,10,80,24,14,25,1.2,1.6
52,123831,80,23,234,345,2,1096,11.4,4.0
35,93610,87,25,197,355,6,2378,0.3,3.6
54,24487,23,2,27,358,22,2800,7.6,4.5
65,65884,34,3,19,177,6,3366,5.5,1.4
25,32869,6,1,29,188,22,3928,8.3,1.5
39,64889,16,1,23,3,1,1068,2.3,4.9
27,49497,22,8,64,160,7,1779,8.0,1.8
30,109199,80,6,90,34,2,562,3.9,4.8
34,20571,46,5,22,216,25,3859,5.2,2.0
50,173588,92,11,147,256,29,2011,1.0,1.3
30,169263,94,16,300,19,1,2716,2.3,4.7
62,94618,64,4,186,206,22,2837,1.2,1.8
38,111889,80,2,84,236,24,4336,2.8,3.3
43,59349,20,4,58,110,5,2519,3.3,3.2
45,133636,89,21,282,237,15,3267,3.8,1.9
63,71521,75,5,75,132,13,1933,9.2,1.7
46,80993,56,4,116,298,22,539,11.4,2.6
54,65799,75,2,87,84,6,2183,8.2,3.5
42,109519,59,5,127,269,11,3236,9.4,4.2
44,93066,45,6,117,91,3,3014,5.6,3.5
38,97367,82,9,345,33,7,1662,9.5,1.3
37,28496,34,8,51,340,12,944,11.3,1.5
45,84594,63,6,286,327,29,1206,10.8,3.9
36,137867,75,8,311,240,14,1783,0.8,3.5
53,18459,12,1,26,205,17,3236,2.0,3.9
38,65171,78,1,244,338,25,4769,11.4,3.2
36,56990,46,3,80,108,28,2625,0.3,1.9
59,92184,61,1,142,19,12,4173,1.5,1.4
38,134330,74,22,357,171,12,3333,2.0,2.9
28,75560,33,1,29,118,26,4140,10.0,4.8
42,97526,66,3,71,364,27,2199,7.2,2.8
40,22292,22,6,48,198,23,1740,3.0,2.0
43,93731,40,1,82,336,4,1145,1.0,3.5
60,63124,53,1,82,28,30,2931,10.5,2.0
20,57085,42,4,38,78,22,324,2.1,4.8
29,115510,67,4,284,304,14,373,9.9,4.7
51,41387,27,1,45,85,12,3348,5.4,1.2
51,80936,89,23,349,114,10,2405,7.0,2.6
63,95880,77,1,237,60,4,743,2.7,2.3
21,27744,25,7,43,130,21,1626,5.2,2.0
55,44183,19,0,37,244,20,2689,11.0,2.2
36,162553,72,16,363,90,5,979,1.0,3.9
56,73664,41,3,145,164,7,1333,1.3,4.2
47,91577,40,2,149,306,9,3009,0.3,4.9
43,45677,21,9,35,77,17,4119,3.5,3.3
38,29816,45,10,67,199,16,4739,6.4,1.4
58,59632,35,1,43,177,9,2552,8.8,1.1
41,33848,43,8,28,131,27,783,5.2,4.1
40,49174,20,9,35,255,29,2135,8.5,4.6
51,163530,97,19,127,94,20,2406,9.7,1.0
54,95447,12,3,40,288,16,682,0.7,2.1
62,63146,62,5,56,184,27,2172,2.1,4.3
51,52038,25,0,29,54,24,2517,6.0,1.4
51,147139,97,24,337,250,26,4721,9.1,4.4
40,171505,100,20,182,69,18,939,11.2,1.8
50,88266,82,25,368,145,21,112,3.8,2.9
62,45884,12,0,59,320,22,4766,3.8,4.1
39,93431,98,18,395,96,24,4106,3.7,2.9
49,74863,13,0,37,173,7,3642,3.4,2.6
66,72771,22,2,36,106,21,3631,1.3,2.2
22,29880,8,3,43,189,18,3043,11.9,1.6
45,95423,83,24,352,155,15,4486,2.1,2.6
28,33370,25,7,26,6,3,670,0.4,3.6
42,27682,45,6,23,139,2,436,1.1,4.0
55,90704,90,22,256,240,8,4588,1.2,2.3
54,72172,8,2,18,97,24,4101,0.8,4.0
28,41110,45,10,34,135,27,3914,9.0,3.0
53,145280,71,13,336,265,20,2973,5.4,3.9
62,52762,10,2,27,92,21,2536,8.2,1.2
32,27082,40,7,52,205,12,3574,7.3,1.5
45,171620,75,22,176,68,25,1929,8.4,3.9
19,81685,33,3,54,124,6,2478,9.1,2.1
38,48800,50,7,20,282,5,4665,10.7,1.1
36,41114,32,10,20,71,17,2483,3.4,4.7
34,53917,26,8,31,338,12,4523,11.6,3.9
64,88807,46,6,274,348,28,2402,9.7,2.8
38,117531,84,18,141,178,7,4018,7.6,1.7
54,136530,70,25,166,128,21,4239,1.8,4.8
30,169382,90,13,341,275,0,3450,7.7,3.9
40,37569,33,7,55,104,0,4993,1.9,1.7
23,28374,36,10,28,205,19,171,2.5,4.8
44,31437,42,4,44,86,15,1176,2.8,2.0
29,101372,43,5,104,285,16,667,3.1,3.2
59,71856,50,2,225,99,4,1445,6.1,3.9
66,66798,8,3,15,24,16,768,9.2,2.6
23,35721,40,5,72,355,10,1462,1.1,2.0
44,83732,68,2,89,245,0,420,10.5,5.0
69,49520,29,2,20,90,21,2811,7.4,4.4
21,34311,35,6,80,187,20,427,6.3,4.1
35,44139,9,0,58,27,12,36,10.0,4.1
20,49794,35,5,70,341,12,3956,9.1,4.8
62,118001,68,4,294,48,23,2598,5.7,1.9
30,34574,36,5,78,302,30,305,2.3,3.1
28,92797,67,5,237,149,21,3756,4.6,1.4
34,54373,23,4,20,237,19,3283,1.9,3.2
35,70957,56,6,84,233,10,3495,1.5,2.8
34,29910,21,3,75,355,26,186,0.9,2.8
46,101308,69,4,273,151,15,2029,4.5,1.2
47,54802,32,2,26,355,19,4960,9.5,3.3
55,172963,85,11,304,250,20,4027,6.3,4.4
37,82378,95,13,246,295,27,1110,2.7,3.7
30,153408,76,15,254,62,28,4369,5.8,4.9
45,52392,52,5,210,100,1,1882,6.2,4.4
36,178500,81,16,205,54,26,2042,5.3,1.9
42,57433,31,2,49,283,28,4217,7.6,4.9
54,160798,87,23,286,290,27,4637,5.6,1.6
40,58227,24,9,19,319,18,1173,10.9,1.9
31,90753,8,0,36,92,0,2264,11.4,4.3
30,20283,29,1,44,33,27,3174,7.0,4.7
59,101501,70,1,169,333,12,4405,9.0,4.4
42,85924,77,1,80,280,11,670,0.6,2.4
34,31487,30,7,73,118,0,839,11.9,4.0
26,59231,21,2,21,115,0,1074,2.0,3.9
35,44401,25,3,59,87,15,1205,3.0,4.5
39,87641,44,6,148,197,30,1915,6.6,2.7
66,62892,30,3,18,239,14,3818,1.4,3.3
51,53482,62,2,229,155,30,3228,11.0,2.3
36,22985,24,3,60,276,7,2126,8.3,3.1
68,97012,24,3,16,219,22,2378,9.1,2.6
39,28246,38,3,78,246,24,1581,4.7,1.1
44,59127,20,10,23,44,25,105,0.4,2.9
52,45992,33,0,43,81,23,3347,2.5,3.6
48,150778,85,9,206,94,5,2602,0.8,3.1
27,29836,25,9,48,333,9,3024,3.3,3.8
43,113204,50,4,182,254,22,4912,10.1,2.2
70,75255,34,0,39,160,0,3342,11.1,3.2
54,90740,28,2,18,3,21,3079,1.5,2.9
26,49664,32,3,31,163,23,4956,10.3,4.4
20,55691,35,10,78,289,0,4916,0.9,3.0
35,90807,100,13,307,112,10,4549,1.4,2.7
31,102673,100,20,187,88,22,2659,9.1,3.9
26,40769,33,4,79,148,9,1882,5.9,1.7
36,36655,20,3,36,182,28,1086,0.8,2.1
21,56864,22,10,35,257,24,964,1.9,2.9
60,69907,18,3,42,106,0,1578,11.7,3.0
28,78318,70,3,70,110,15,3406,10.6,3.7
58,64723,59,6,217,53,22,4878,8.9,3.0
47,118085,96,18,134,320,4,23,6.2,4.9
40,47733,30,2,15,292,8,321,4.5,2.6
47,78063,56,1,289,51,1,3783,4.4,1.7
63,94740,24,3,20,72,27,2782,5.7,3.9
28,66876,51,3,207,128,28,963,8.0,4.5
35,31058,31,6,51,347,24,4670,9.7,4.7
37,169253,70,22,395,163,17,1085,4.0,4.1
46,34465,12,3,38,342,15,4261,2.4,1.0
38,25550,18,1,44,3,12,3491,2.3,4.0
25,55040,69,2,169,70,5,912,6.0,2.1
36,132424,72,17,282,156,8,207,8.2,1.7
49,127456,82,18,109,341,26,2661,9.0,2.1
29,85558,76,2,256,65,17,1834,10.1,3.9
52,97532,74,15,282,33,2,3994,9.3,4.5
30,69463,24,1,44,24,11,4414,3.1,4.9
18,49453,12,2,52,358,3,3988,4.6,1.8
28,70324,34,0,12,278,21,2152,4.0,1.8
54,112892,84,20,153,92,13,2750,0.7,3.1
41,58910,21,2,22,243,18,4924,8.0,5.0
43,173235,83,24,122,320,12,2703,1.0,3.3
36,99401,14,3,22,93,2,3888,7.7,5.0
43,91687,69,3,279,245,29,3785,0.4,1.2
46,116521,52,3,188,192,27,3393,3.5,4.8
25,50566,42,7,54,43,30,581,8.7,2.3
34,111968,69,1,283,44,29,2820,9.8,4.9
32,46276,48,10,25,277,1,3010,1.6,4.9
20,22954,37,7,47,204,7,835,5.1,4.0
51,55121,65,6,152,325,9,4621,9.4,4.4
35,41936,30,10,41,264,16,1651,8.7,1.9
38,156211,77,12,283,147,16,2659,11.2,3.7
43,20523,50,8,69,223,10,1700,3.2,3.4
31,154369,70,8,177,275,29,675,0.1,1.1
43,47402,32,8,26,239,17,107,6.1,3.0
68,48662,14,0,35,74,30,4048,8.4,4.1
25,69361,78,3,289,83,11,511,9.1,1.6
41,106388,81,14,333,168,18,1280,11.7,1.3
43,66691,34,0,34,86,9,1116,7.3,4.1
36,21630,23,2,75,350,1,946,5.3,4.0
44,101936,41,5,106,152,17,3074,3.3,1.5
25,109738,75,2,74,68,30,1678,2.7,4.4
28,59226,35,8,37,53,26,4014,3.5,3.6
34,42835,23,6,28,195,8,4596,8.8,2.6
51,90719,22,1,22,313,22,3718,8.1,4.5
34,54679,32,2,35,270,9,3384,2.7,2.4
26,58916,49,1,218,308,21,4642,9.7,2.1
33,92149,52,3,197,188,7,61,1.1,3.3
42,113964,43,3,252,320,27,2375,11.7,2.4
38,121031,74,10,102,71,1,1677,6.1,3.7
50,139249,72,15,319,12,27,2359,11.3,1.3
55,80806,71,17,308,278,15,4986,5.7,1.6
31,148978,79,25,320,161,9,1436,4.2,4.8
63,82792,17,1,21,85,19,451,11.4,3.6
43,62403,69,1,54,178,30,3135,6.0,3.4
39,34188,42,8,19,239,0,3112,3.1,3.1
27,46501,15,1,45,324,28,4716,8.0,3.6
30,110570,63,6,85,28,9,3806,5.8,1.2
42,20477,41,9,65,67,14,2037,10.5,2.4
37,30329,34,6,42,286,7,1277,8.4,2.6
24,42105,21,8,41,156,16,1727,5.5,4.6
27,20186,22,6,67,132,13,3954,4.4,4.1
37,149498,71,18,251,44,17,2583,8.4,1.2
24,20716,31,0,54,11,8,2215,2.7,1.1
48,150700,71,15,230,22,21,4750,10.1,3.8
53,149339,99,23,306,258,9,4314,4.8,2.3
34,71333,62,2,267,238,14,3196,6.3,2.9
52,88437,59,2,198,90,15,4044,4.2,1.3
24,43564,24,8,71,160,19,2288,1.7,1.7
22,47811,32,2,60,90,6,4171,9.5,4.9
22,52715,10,0,56,359,7,2606,5.5,3.0
23,31587,28,2,52,302,7,4238,4.7,4.9
27,45020,7,3,31,328,11,1671,2.7,2.9
55,111332,67,2,65,223,10,4393,4.3,1.6
40,54324,34,3,49,301,2,2828,8.1,4.5
32,98278,5,1,55,252,24,4179,11.1,5.0
38,167731,94,17,164,291,16,1633,5.0,2.9
49,82764,84,18,112,163,12,643,1.3,3.9
48,62697,42,4,288,154,25,4875,7.5,1.5
68,94401,32,3,16,45,11,4544,6.4,1.1
22,80902,19,1,47,234,28,64,9.9,3.9
50,43023,25,0,32,208,5,2136,2.3,2.6
65,59064,46,4,209,247,13,4997,0.2,2.1
34,103144,75,2,238,35,19,2436,8.6,1.3
52,97169,91,15,188,255,22,863,0.5,4.3
68,47298,9,2,38,188,19,1147,1.5,1.7
55,106584,97,17,360,314,18,503,4.0,3.9
22,49023,24,3,22,331,20,2292,10.1,2.6
55,89324,86,20,332,9,20,545,6.8,3.0
31,21310,41,7,53,152,11,1552,1.4,1.4
34,127056,79,22,101,296,18,4092,2.4,4.3
31,21400,49,7,50,355,0,3682,10.8,2.6
25,87949,31,3,54,67,20,4811,3.3,2.6
36,91553,79,18,219,316,9,4528,7.8,4.1
44,21477,46,9,47,178,21,4243,3.4,3.1
35,97322,75,22,347,194,21,47,1.6,3.2
43,179292,83,23,164,172,5,3675,7.1,4.0
41,85521,62,1,232,302,1,3322,5.3,2.2
22,20509,47,10,39,8,13,1708,8.7,2.2
24,17541,26,2,20,170,14,2833,12.0,1.7
34,35617,30,5,48,290,27,3737,1.6,2.2
51,96092,35,1,20,83,28,2723,10.2,4.5
30,21721,25,4,72,229,8,3240,7.7,1.0
36,36698,35,3,43,245,28,77,4.1,4.5
64,58904,9,1,21,43,27,1312,11.7,4.6
53,120027,70,12,209,339,8,1088,11.6,5.0
27,55716,35,5,53,191,29,1721,4.4,1.1
34,92710,80,21,222,279,6,3300,4.6,3.3
33,42205,36,8,53,316,2,4962,7.0,3.2
32,78816,59,3,255,162,23,2627,3.0,1.6
49,80185,11,3,30,298,9,1279,6.5,1.4
24,67109,35,3,35,118,7,2452,2.3,3.0
49,90710,73,18,232,58,12,4183,2.1,3.4
47,15746,29,2,53,133,21,4701,1.5,4.7
27,106180,63,6,119,253,12,2894,1.2,1.7
48,98953,30,2,48,9,14,2920,9.7,2.4
36,36270,28,7,67,85,26,4630,2.7,2.2
52,93347,46,3,227,273,4,1268,8.5,4.5
49,119234,85,20,118,176,18,3497,5.4,4.9
52,60977,50,3,194,281,21,1789,2.8,4.7
31,90928,64,4,254,297,26,3149,7.0,4.0
36,58475,24,7,36,315,3,2345,7.7,1.9
31,59412,25,1,49,25,16,1840,1.1,3.9
62,82460,18,3,54,136,28,2159,9.4,2.8
51,74034,11,1,10,235,2,4357,1.1,1.4
41,65026,75,2,150,309,15,672,6.1,4.1
52,94929,80,15,392,285,21,3787,3.3,4.3
42,60124,76,1,199,300,18,2451,8.6,3.8
32,66011,70,3,93,200,2,2551,1.7,4.6
26,88881,62,1,92,86,16,2695,10.2,4.4
40,50159,20,10,29,26,23,1932,4.2,3.7
22,56475,38,3,19,16,9,4770,11.2,2.0
54,95796,98,12,377,321,11,2126,8.0,3.3
29,67474,29,1,16,334,10,430,6.2,1.0
45,72980,31,0,27,347,24,1059,8.9,2.4
56,17418,11,2,27,344,1,3173,3.3,4.0
27,43586,38,10,50,273,16,3975,4.8,3.5
47,174117,95,21,244,266,22,2313,1.0,1.7
27,38462,38,8,19,180,19,1673,9.1,1.2
27,75797,9,1,31,72,12,2214,8.6,4.2
23,29533,12,3,13,363,10,3844,1.3,4.4
39,53220,28,9,62,155,16,4037,11.6,4.0
48,136443,78,21,160,137,12,4696,7.4,3.1
50,55785,47,4,256,217,16,2773,6.7,4.0
68,72601,21,2,24,71,9,3690,9.2,4.2
21,34873,40,8,24,314,18,4613,2.6,2.5
37,151008,99,20,157,324,11,3591,10.6,4.2
33,74808,65,5,101,231,23,4296,0.2,1.9
44,89539,87,21,264,276,28,4460,0.4,2.1
68,30236,27,1,12,129,26,3389,4.1,2.3
52,101096,54,6,148,108,12,1597,11.7,3.2
36,161135,74,12,190,108,27,476,10.9,4.9
23,23712,27,9,38,16,9,4400,5.4,4.8
35,23011,49,3,37,119,6,2745,9.3,4.3
43,52395,40,9,59,306,0,661,2.2,1.5
39,30142,48,2,23,120,6,3636,0.3,2.1
35,15923,26,2,13,242,22,2430,7.3,1.3
37,159165,74,25,168,101,27,3370,7.0,4.0
37,29684,44,8,43,45,7,4495,0.3,1.1
27,56836,26,5,70,234,23,1627,11.3,2.6
28,87205,71,6,155,40,19,2363,10.6,4.6
23,56885,22,0,42,57,20,612,0.2,3.8
34,74168,50,2,66,318,15,4133,7.0,4.6
58,77570,49,1,66,20,21,4583,7.2,3.1
30,143016,75,15,175,73,20,4077,3.7,4.0
45,22268,22,6,49,64,0,4169,11.4,1.8
41,69853,61,2,174,150,4,2184,7.2,2.2
50,58456,22,2,40,256,1,1272,2.7,1.5
22,23623,39,3,62,225,29,561,7.2,1.4
40,108279,76,6,257,90,29,1964,11.6,4.6
51,177969,97,12,254,74,11,377,3.9,3.7
23,23669,49,8,35,217,26,4590,3.6,4.6
68,76344,30,3,53,277,19,3399,1.1,2.9
58,84892,19,1,46,214,4,162,3.7,4.1
41,86574,25,0,13,48,22,2528,0.9,3.9
31,58817,40,4,42,25,12,2822,1.3,2.9
30,27790,30,4,79,264,0,344,3.8,4.6
41,115953,83,8,291,23,16,2462,7.8,3.3
30,112223,40,3,82,26,24,2316,5.8,4.4
53,86176,31,3,31,65,12,1837,2.0,4.5
43,65159,54,2,223,99,10,4521,7.9,4.4
31,108285,85,23,107,15,4,1955,9.9,2.3
26,41668,45,2,70,90,14,2541,8.1,4.0
55,56985,72,5,101,86,16,3220,10.2,2.1
24,55842,12,2,27,113,25,2493,7.1,1.4
29,42673,41,7,72,147,20,3446,7.6,3.9
27,23699,28,2,42,23,21,2776,6.6,1.3
41,166853,86,19,220,176,0,3521,1.6,1.6
53,178192,89,16,132,292,20,2060,9.3,2.8
27,34007,22,4,41,357,16,3121,8.9,4.4
50,94697,43,2,278,71,0,4353,0.3,1.8
56,70051,68,5,144,34,6,1508,11.5,4.0
38,24963,22,1,53,190,28,4867,1.3,2.7
21,27493,43,6,20,233,18,4148,11.2,2.1
44,138303,95,10,315,324,1,819,8.9,3.2
44,27194,47,9,45,159,26,4971,8.7,2.7
23,44122,31,5,45,316,25,3802,10.4,2.3
45,122905,74,25,292,52,25,1514,11.2,1.6
50,167915,71,9,168,161,18,1616,6.0,3.8
47,109880,80,9,123,95,4,4592,5.7,4.0
51,149536,88,23,290,331,15,4233,8.7,4.5
31,25312,40,10,19,363,26,1311,9.7,2.2
50,119528,88,12,372,364,16,2432,1.0,3.9
43,114383,69,6,201,96,15,3408,7.4,4.4
39,29877,20,7,62,42,26,3005,8.9,2.9
47,74738,54,1,124,113,8,2231,6.7,2.4
42,45503,36,9,52,150,7,1958,8.1,4.6
23,37246,40,2,33,312,0,1862,11.8,1.2
55,170057,95,8,213,311,2,575,1.5,2.2
40,63982,23,3,44,224,5,588,10.2,4.6
57,90063,58,2,290,31,10,1747,3.7,2.0
39,61469,5,1,24,284,4,4327,7.7,3.2
23,45538,35,3,51,44,18,2679,8.2,3.1
45,109587,95,12,348,63,9,3119,2.8,2.4
37,40018,33,10,68,110,24,4448,5.4,1.2
26,54424,27,4,31,247,1,2557,7.4,2.0
35,39169,20,4,63,181,10,4502,4.0,1.7
60,56594,50,2,234,127,3,238,6.1,3.0
59,53128,60,6,224,48,8,1930,7.9,3.1
35,34773,35,6,20,301,18,2123,7.9,3.0
47,164063,94,10,203,74,9,312,4.9,4.5
51,62443,54,2,139,134,14,1549,9.6,2.0
35,122154,80,19,300,98,9,4500,1.5,2.1
54,109560,47,5,64,231,29,2062,6.8,1.6
39,48100,33,7,32,273,20,2995,8.5,3.6
48,80013,86,13,329,143,10,3707,3.4,2.6
31,21166,35,8,39,117,15,1888,5.0,4.4
31,35112,35,3,38,51,9,3228,3.0,3.0
49,123075,86,14,110,132,5,4417,11.1,2.6
27,24341,21,4,66,184,22,2619,11.3,3.0
34,53175,24,1,35,202,15,1866,4.0,1.6
19,83196,12,2,12,86,29,4158,7.1,4.2
49,107766,94,14,236,314,22,3204,3.4,4.2
31,34351,39,7,64,84,25,861,8.9,2.2
26,69221,19,0,43,276,19,1294,11.2,3.9
32,107331,83,10,398,48,13,3173,5.3,1.7
23,49988,40,9,59,302,8,548,3.7,2.9
20,38354,30,5,43,227,23,3172,7.1,4.8
52,137041,74,22,304,77,25,2238,3.0,2.6
54,132547,77,9,119,239,18,4347,11.4,1.7
40,56409,38,3,75,257,15,1675,8.0,2.5
32,96541,10,0,16,258,30,3717,6.7,4.0
27,65212,25,3,38,113,10,959,11.2,2.4
31,54175,14,3,43,176,25,16,0.5,2.2
54,71455,77,2,268,332,12,812,4.7,2.6
43,59947,50,2,71,294,28,1087,6.9,3.2
32,99856,30,3,56,251,14,3503,2.8,2.5
31,28394,35,5,66,6,0,3709,4.4,1.0
50,153254,78,11,200,262,7,4100,6.9,1.4
38,34554,30,1,10,329,15,4892,0.2,3.0
25,82697,10,2,36,362,2,3393,5.2,1.2
37,20240,24,10,18,75,5,1470,8.2,2.2
45,25930,27,3,30,48,15,2944,6.8,2.6
32,43256,35,2,53,112,17,4341,2.5,4.0
26,54212,28,2,30,96,24,3238,10.7,1.3
67,48401,23,2,38,228,28,2428,2.1,1.8
61,84323,43,6,224,349,28,3743,0.4,4.3
44,111403,49,1,242,318,4,3549,3.3,4.5
34,104113,69,6,202,129,28,3861,1.4,3.4
52,136284,83,25,122,251,7,937,8.7,1.2
44,154589,85,23,305,197,30,380,0.7,1.6
50,112763,92,21,257,67,6,4191,2.1,2.0
36,68482,41,5,129,52,5,2129,11.7,3.6
29,98017,25,0,19,12,5,2957,3.2,4.3
48,113104,73,10,196,292,25,3299,4.1,2.4
45,62784,68,4,131,213,22,4591,2.7,2.2
26,73167,66,2,180,316,25,3949,4.5,4.9
21,32556,42,3,51,355,6,82,4.9,2.2
36,52794,50,7,52,232,1,4912,7.9,4.3
43,158340,88,25,158,283,18,1053,2.8,4.4
31,113797,79,9,353,50,21,856,2.8,2.7
52,95529,6,3,55,273,28,4323,5.7,2.3
36,158485,73,12,335,248,19,304,4.1,4.8
39,24942,28,2,23,129,30,1478,11.9,3.3
37,154497,93,22,352,104,7,4209,0.1,1.1
38,167516,100,14,184,335,29,3422,8.8,3.6
65,89426,47,1,260,136,24,1092,11.3,4.3
31,171295,97,25,298,187,17,3073,2.2,4.6
27,37009,37,9,23,316,7,2444,10.3,4.6
39,137404,90,17,303,240,10,3984,2.7,3.8
52,162322,78,11,270,215,2,3738,11.2,4.5
28,34819,24,3,73,294,30,1260,3.1,2.9
25,75614,13,0,24,168,20,1673,8.5,1.2
49,118250,57,1,269,230,4,4008,2.6,1.2
69,58216,13,0,24,94,12,1588,8.6,1.0
55,121933,99,9,382,329,24,4740,1.7,3.5
21,58696,24,4,24,115,6,3806,0.5,3.7
36,164974,86,21,108,255,5,2447,2.4,2.6
30,50965,15,0,18,294,11,957,7.4,3.7
37,42013,30,10,64,256,19,1982,1.5,4.6
50,100240,85,24,317,101,23,2424,6.5,2.8
67,62393,28,3,57,49,4,4340,10.1,5.0
56,60692,34,2,60,81,28,1023,1.4,3.8
38,60365,65,1,135,196,25,3200,5.7,3.2
64,108147,46,2,118,38,3,1068,7.3,3.5
30,115392,75,14,382,323,21,2658,7.6,2.0
38,61883,14,2,12,257,10,2646,3.2,3.1
63,117405,80,6,269,23,12,4700,0.7,2.0
50,84218,22,2,49,328,26,4462,10.4,2.2
25,101852,42,2,251,199,18,286,6.9,2.5
28,95269,48,1,299,290,16,4700,7.4,1.7
55,145148,84,23,199,27,17,4120,10.6,2.3
35,156009,77,14,203,199,25,3808,5.4,2.4
55,32918,16,1,44,158,3,1181,11.2,3.8
55,109406,74,19,212,128,4,2928,6.3,3.2
26,89823,45,4,94,249,8,1452,1.7,1.5
32,177571,96,18,254,334,8,2539,7.8,3.1
25,69099,59,4,228,38,0,577,4.7,3.1
45,93407,77,23,348,348,18,4011,2.9,4.8
31,89784,80,4,52,229,6,4042,2.1,2.2
40,31666,50,6,16,146,9,167,1.3,1.3
52,76900,59,2,152,36,8,2761,4.4,1.1
39,21037,28,5,25,82,16,3561,6.5,2.7
46,60250,17,2,35,313,30,4109,9.3,1.8
26,29876,21,6,27,209,16,2905,2.4,4.5
52,148830,85,9,134,156,12,925,11.1,2.9
55,162350,92,13,343,358,26,1871,10.7,1.5
47,85538,29,1,15,157,22,3179,3.4,2.3
46,147797,93,13,221,73,24,2169,7.6,3.5
58,54997,27,3,53,252,6,1216,3.1,1.6
39,30858,40,3,46,119,4,2504,11.4,4.7
46,132808,91,17,306,11,11,3245,7.1,4.6
34,63616,5,2,56,360,13,2937,8.0,1.7
43,176565,88,11,202,142,30,1822,7.6,3.1
34,124429,87,9,194,164,27,3210,2.1,3.4
55,107124,43,3,237,153,1,2435,1.9,1.4
42,47295,30,8,34,217,2,3236,0.8,2.6
20,21774,34,4,54,238,28,3222,10.7,4.9
41,174152,76,10,211,316,22,3937,9.1,1.8
55,99315,64,6,204,115,15,3869,8.8,4.6
29,31550,48,6,36,248,16,2555,9.4,1.3
58,69030,29,0,18,259,4,3495,11.7,1.6
46,94857,23,2,52,259,2,4774,3.8,4.4
63,87276,8,1,39,178,12,739,8.7,2.2
47,135756,85,14,173,166,25,4269,11.2,3.0
58,59400,41,4,267,82,8,3769,1.0,4.8
50,75458,80,6,250,275,23,3435,10.7,1.3
20,42038,28,3,60,66,16,215,8.8,3.0
54,113368,40,1,157,298,12,1134,11.0,4.5
41,35689,26,8,31,252,0,3277,4.5,2.0
36,141895,87,18,298,354,4,1652,4.0,4.5
29,71323,77,1,129,185,17,4635,9.8,1.9
63,97695,48,3,259,25,10,320,0.8,4.3
53,82873,93,20,295,209,0,3058,6.7,1.2
61,70497,56,2,198,328,30,4127,1.1,5.0
25,30175,50,7,77,29,5,907,1.4,3.2
43,20679,10,1,43,48,8,4144,7.3,4.6
60,92263,26,0,55,247,17,904,11.5,4.7
41,74646,64,1,239,36,10,1976,6.7,1.9
42,98798,32,2,28,303,6,2316,5.6,2.1
37,118594,90,12,320,239,17,2197,9.8,4.2
64,23457,8,2,32,205,17,631,10.7,4.7
37,22541,16,3,42,253,27,3504,5.1,4.0
45,151418,75,20,149,146,23,3859,2.8,2.8
34,139820,89,23,168,255,6,102,1.4,3.3
57,91635,14,3,33,79,3,3892,3.6,2.5
38,87861,23,2,22,284,13,4604,3.6,2.2
42,56532,20,8,50,55,26,2487,4.5,4.6
47,109570,52,5,271,34,10,3474,8.6,3.3
59,32175,21,0,32,218,2,1540,7.8,1.5
25,51526,47,8,42,305,28,739,4.8,3.5
63,115451,53,5,165,202,16,3799,8.2,2.5
36,80472,8,0,53,247,11,1859,3.3,3.3
50,155270,98,22,276,59,2,3976,3.9,4.8
42,57661,66,1,89,61,1,4819,1.3,2.5
33,47218,39,8,76,84,24,3726,9.5,3.0
26,31475,45,4,63,107,15,1633,0.9,2.7
29,32678,33,10,24,65,28,378,0.6,2.9
28,70325,19,0,33,217,18,706,7.7,3.9
69,16948,7,1,49,279,6,4808,9.0,2.0
43,60300,64,3,148,14,15,880,4.3,1.0
40,36739,22,2,22,26,1,2132,4.0,2.9
52,58985,24,1,19,78,27,1032,10.4,4.9
