SquareFeet,Bedrooms,Bathrooms,YearBuilt,LotSize,GarageSpaces,Stories,Neighborhood,HasPool,HasFireplace,DistanceToCity,Price
3240,5,4,1953,2.58,2,2,waterfront,0,1,40.2,733200
2147,2,1,1959,0.63,0,2,historic,0,0,24.5,314596
1167,1,1,1949,2.01,1,2,suburban,1,1,10.9,351796
823,1,1,1935,2.52,3,1,waterfront,0,1,2.7,490893
4192,6,5,1946,2.34,0,1,suburban,0,0,34.2,600248
3535,6,5,1973,0.65,0,2,rural,1,1,23.1,422287
4343,6,5,1968,2.43,3,1,rural,0,1,37.7,383724
3063,4,5,1930,1.99,3,2,downtown,0,1,2.5,1016158
2639,3,4,1921,0.47,1,1,newdev,1,0,3.2,598390
3000,5,5,1973,2.49,3,1,suburban,0,0,16.7,585032
1496,1,1,1983,0.69,3,3,rural,0,1,1.8,244941
4454,6,5,1938,2.75,0,2,waterfront,0,0,5.0,1427339
3456,4,3,1973,2.97,0,2,waterfront,1,1,6.5,1165007
3151,5,5,1952,0.47,2,2,newdev,0,1,22.4,547635
5279,7,5,1948,1.59,1,1,newdev,0,0,32.4,767236
2646,3,3,1943,2.22,2,2,newdev,1,1,34.3,509153
1678,2,2,1967,2.02,0,3,waterfront,0,0,44.1,388888
2548,3,3,1961,0.13,3,2,rural,0,1,20.6,296150
2359,3,4,1953,1.68,0,3,rural,0,1,44.9,212022
4592,7,5,2004,0.38,2,2,rural,0,1,19.5,538771
808,2,1,1932,0.76,3,1,downtown,0,0,39.4,196605
1279,3,2,1970,2.48,1,1,newdev,0,0,9.3,418206
3499,6,5,2019,0.54,0,2,rural,0,0,17.2,418376
2453,5,4,1989,2.83,3,1,rural,0,1,13.7,428975
4874,7,5,1979,1.03,2,1,downtown,0,1,9.8,1244922
1147,1,1,1937,0.52,1,1,waterfront,0,1,17.9,278791
2184,2,2,1929,0.76,2,1,waterfront,0,0,9.7,649136
3282,4,5,1935,1.61,0,3,historic,1,0,29.9,612907
3047,4,5,2015,1.87,1,1,newdev,0,1,42.8,485778
2692,3,4,1979,1.34,1,3,newdev,1,1,10.5,622336
1444,1,2,1997,2.88,2,1,newdev,1,1,19.3,393017
2895,5,5,1955,2.72,2,2,newdev,0,1,4.2,743170
1428,3,3,1951,1.8,1,2,waterfront,0,0,44.9,357686
5233,7,5,1986,2.62,3,1,historic,0,0,26.1,979390
1562,1,1,1994,2.05,3,2,newdev,0,1,29.3,306851
4882,7,5,2024,2.44,3,3,downtown,0,0,1.6,1497031
3294,4,4,1972,2.43,3,2,rural,0,1,43.8,308332
991,1,1,2009,2.97,2,1,suburban,0,1,34.0,272128
2009,3,2,1962,1.12,1,2,rural,0,0,29.0,204382
2125,3,2,1953,2.58,3,2,rural,1,1,34.1,307317
1980,3,2,1934,0.65,2,2,newdev,0,0,18.2,372793
1341,3,4,2004,1.27,2,1,newdev,0,1,18.2,347528
3755,5,5,2024,2.64,2,2,historic,0,1,45.0,574216
5089,7,5,1955,0.18,1,3,suburban,0,0,20.1,756444
2369,2,1,1957,0.81,0,2,waterfront,1,1,25.3,577421
2124,4,5,1971,1.92,3,3,rural,0,1,19.7,333720
3586,4,4,1989,1.14,1,2,newdev,0,0,4.8,812877
4497,7,5,1933,2.44,1,3,rural,0,1,12.5,560124
1035,1,2,1976,1.54,3,1,suburban,0,1,25.4,269022
1811,2,3,1965,0.29,2,2,rural,0,1,19.7,227589
1692,2,1,2004,1.41,2,2,suburban,1,0,34.6,318978
655,2,1,2011,2.29,0,1,historic,0,1,33.0,206639
2194,2,3,2019,2.3,1,1,downtown,1,0,15.3,690005
3773,6,5,2009,1.48,2,1,downtown,0,1,8.4,1087479
4125,6,5,1931,0.64,3,1,suburban,0,0,15.6,711121
767,2,1,1991,0.27,2,1,suburban,0,0,0.7,172068
3751,6,5,2022,2.72,2,1,suburban,0,1,8.6,825542
1867,4,4,1993,0.61,3,3,suburban,0,1,1.9,495740
917,2,1,2023,2.81,2,1,rural,0,0,40.6,115624
3363,5,5,1990,2.51,3,1,newdev,0,1,11.5,806705
1758,1,1,1944,2.4,0,2,downtown,1,0,38.2,402445
4919,7,5,2009,1.64,3,2,newdev,0,1,14.8,1005515
4269,6,5,2000,1.34,3,2,downtown,1,0,22.4,1016924
3785,6,5,2020,2.34,0,2,downtown,0,0,14.2,1027648
5412,7,5,1989,0.6,2,3,downtown,0,0,43.5,805030
5005,7,5,1975,2.24,1,2,rural,0,0,4.9,706368
2121,2,3,1960,0.31,1,2,suburban,0,0,41.5,248435
2979,3,2,2004,2.46,2,1,waterfront,0,1,41.3,679991
3892,5,4,1938,1.84,2,2,newdev,0,0,42.3,489884
3952,7,5,1973,2.49,3,2,suburban,1,1,27.2,665882
3839,5,5,2018,1.4,1,1,newdev,0,0,7.6,815137
4998,7,5,2014,0.84,3,2,historic,0,1,38.6,746033
2742,3,2,1970,2.49,1,1,historic,1,0,6.2,758630
1495,1,1,1924,2.52,1,1,newdev,0,0,19.9,331610
3638,6,5,1938,1.38,0,3,historic,0,0,32.8,606854
1851,3,3,1942,1.12,1,3,downtown,1,1,7.3,602354
2990,5,4,1948,0.63,1,2,newdev,1,0,39.3,446218
4929,7,5,1940,0.52,2,1,downtown,0,1,23.6,1038542
743,2,3,1941,2.2,2,2,downtown,0,0,31.0,302349
1078,1,2,1935,2.59,0,2,historic,0,0,29.4,264742
4502,7,5,1969,0.92,3,2,newdev,0,1,27.8,708916
4327,7,5,1978,1.66,2,1,suburban,0,0,43.4,586608
3782,6,5,1967,2.25,3,2,suburban,0,1,18.8,756943
3895,5,5,1965,0.7,3,2,waterfront,1,1,20.3,1047190
3782,6,5,1963,1.05,3,1,newdev,0,0,10.2,813587
3577,5,5,2017,2.4,2,3,rural,0,1,6.8,563442
1490,3,4,1977,0.97,3,1,suburban,0,1,25.1,332393
4839,7,5,1976,0.17,1,2,historic,0,1,44.3,635273
5215,7,5,1971,1.77,1,1,waterfront,0,1,11.4,1492710
4586,7,5,2017,1.88,0,3,downtown,0,0,1.5,1261557
1032,1,1,1960,2.8,2,1,newdev,0,0,14.2,361354
3184,6,5,1980,1.08,1,2,rural,0,0,40.6,302144
1845,2,2,1935,1.64,3,1,historic,1,1,31.2,468943
1801,3,2,2016,0.21,3,2,waterfront,1,0,34.6,424724
5401,7,5,1976,1.8,1,2,downtown,1,1,39.9,994830
1164,1,1,1999,0.97,3,1,downtown,0,1,13.5,377597
1280,2,3,2022,1.53,3,1,rural,0,0,23.3,265404
792,1,1,1941,0.25,1,3,rural,0,1,44.8,60245
3364,4,4,2015,2.99,3,3,downtown,0,0,6.3,1110718
5299,7,5,1968,0.68,3,2,waterfront,0,1,31.5,1148939
3349,5,5,2020,1.33,2,1,rural,0,0,22.3,398363
1294,3,3,1985,2.7,0,1,downtown,0,0,8.4,570900
1132,1,2,2022,0.79,0,1,downtown,0,1,39.2,208743
4374,7,5,2020,2.03,0,1,newdev,0,0,41.4,584387
1264,1,1,2011,2.86,0,2,newdev,0,0,2.7,401391
4936,7,5,2024,0.67,3,2,newdev,0,1,13.3,972702
5448,7,5,1943,1.57,0,1,suburban,0,0,39.6,616465
1615,3,2,1944,0.64,2,1,suburban,1,1,27.3,292312
4750,7,5,1947,1.34,2,3,suburban,0,1,13.0,856534
4646,7,5,1927,1.9,3,1,newdev,1,0,44.0,643585
1322,2,3,2018,2.76,2,3,newdev,0,1,32.9,323059
4535,7,5,1958,2.31,2,2,newdev,0,0,26.6,818706
949,2,2,1972,1.45,3,2,waterfront,1,1,20.6,487860
4037,5,4,2020,1.02,1,2,rural,0,1,35.7,396463
2015,2,3,1943,0.73,0,2,waterfront,0,1,15.5,563557
3086,6,5,1949,0.65,3,2,waterfront,0,1,43.6,635429
1089,1,1,1928,2.86,3,2,rural,0,0,23.6,182647
4618,6,5,2000,0.56,2,3,historic,1,0,27.2,822602
4938,7,5,2012,1.18,1,2,historic,1,0,1.3,1192025
3272,6,5,1960,1.94,3,2,historic,0,1,31.6,666234
1641,2,3,1993,2.92,1,3,historic,0,0,22.2,435753
4785,6,5,2016,0.53,2,1,historic,1,1,27.3,853836
2779,3,3,1969,2.35,2,3,suburban,0,0,21.6,505496
3517,6,5,1991,0.52,2,2,waterfront,0,0,37.2,742415
2141,4,5,1935,0.96,0,3,suburban,0,0,35.7,262188
689,1,1,1946,0.52,0,1,newdev,1,0,16.9,182141
1809,3,4,1968,1.71,3,2,downtown,0,1,12.8,613509
1934,4,3,1961,2.87,0,1,rural,1,1,6.8,340202
3672,7,5,2000,1.36,2,2,suburban,0,0,29.1,561826
922,2,1,2012,2.18,1,2,downtown,0,0,7.2,436282
4882,7,5,1950,0.37,2,2,rural,0,1,15.8,583433
1109,2,2,2002,2.39,1,2,downtown,0,1,7.6,483454
2736,3,2,1927,1.97,0,1,newdev,0,1,2.4,613863
1850,2,3,1960,1.04,3,1,historic,0,1,1.5,552941
3999,7,5,1925,0.68,0,1,suburban,1,0,16.0,728963
4770,6,5,1947,0.54,0,3,newdev,0,1,25.3,753990
4785,7,5,1945,2.29,2,2,suburban,0,1,18.0,829745
4249,7,5,2005,1.58,3,1,suburban,0,0,17.7,749385
1474,3,2,1945,2.3,2,3,newdev,0,1,16.6,436055
5243,7,5,1985,0.17,0,1,suburban,0,0,22.7,747759
3783,7,5,1978,2.95,1,2,waterfront,0,0,4.0,1368646
855,2,1,1921,2.85,0,2,waterfront,1,0,4.8,498677
3615,5,5,1944,2.92,2,1,rural,1,0,13.7,545307
1761,2,2,2022,2.75,0,3,newdev,0,1,8.3,472055
1522,1,2,1950,1.42,2,2,downtown,1,0,33.0,379032
3691,5,4,1983,1.35,3,2,suburban,0,0,29.7,567087
2900,5,5,2012,1.49,2,1,newdev,0,0,10.9,667047
961,2,2,1991,2.86,3,1,newdev,0,1,16.7,371190
5499,7,5,1980,1.68,2,3,rural,0,1,33.2,512566
3891,6,5,1964,2.33,1,3,waterfront,1,1,43.3,832022
1308,3,3,1937,1.07,2,3,waterfront,1,0,40.1,341146
1788,3,3,1989,1.93,1,2,suburban,0,1,4.1,496065
4032,5,5,1989,0.22,0,2,downtown,0,0,33.4,675787
4607,6,5,2013,2.53,2,2,waterfront,1,0,26.2,1188159
3942,7,5,1948,1.96,3,1,newdev,0,0,40.2,635443
4656,6,5,2008,2.86,1,2,rural,0,0,42.8,395080
2164,2,1,1923,0.96,1,1,newdev,0,0,11.8,426994
3528,6,5,1921,2.12,2,2,waterfront,0,0,14.0,1099200
5430,7,5,1998,1.82,3,1,waterfront,0,1,1.9,1766802
3743,7,5,1974,2.1,2,3,waterfront,0,1,2.2,1316335
4593,6,5,1952,1.68,0,1,newdev,0,1,17.4,816845
4444,6,5,1959,1.7,3,1,historic,1,0,1.0,1197528
1651,3,4,2019,0.18,3,1,historic,0,1,12.7,397335
4988,7,5,1926,0.83,0,3,historic,1,0,40.7,672460
3003,4,3,1957,1.84,3,1,newdev,0,0,9.4,680059
2046,3,2,1958,0.63,2,3,historic,1,0,32.3,381408
1551,1,1,1937,0.48,0,2,waterfront,0,1,1.4,397828
5052,7,5,1980,0.2,3,2,newdev,1,0,3.4,1076730
2752,5,5,1980,1.26,1,1,downtown,0,0,4.3,839752
5072,7,5,1953,1.49,1,2,waterfront,0,0,10.8,1451156
1807,3,2,2015,2.13,0,2,downtown,0,0,23.8,471395
3084,4,4,1951,2.6,1,1,newdev,1,1,21.8,676600
1411,1,1,1990,1.94,0,1,newdev,0,0,38.8,248690
1194,2,1,1951,1.92,3,3,rural,0,1,18.6,224683
4137,5,5,2019,1.24,1,3,newdev,0,1,20.5,749519
1643,2,3,2021,1.58,3,3,newdev,0,0,27.2,345766
2956,4,3,1975,1.84,3,1,historic,0,0,34.9,551986
2900,4,5,2023,2.96,2,2,historic,0,1,38.6,559668
4449,7,5,1969,2.3,1,2,rural,0,1,43.9,345609
1115,1,2,1954,2.81,2,2,historic,0,1,41.7,260703
3255,4,5,1944,1.11,2,1,rural,1,1,12.2,417789
1740,3,3,1944,2.09,2,3,historic,0,0,36.0,378231
5365,7,5,1935,2.2,2,3,suburban,0,1,8.6,998723
2612,4,4,2011,0.89,3,2,rural,0,1,27.5,287004
2668,3,3,2024,1.7,3,1,downtown,0,1,41.8,444846
5380,7,5,1992,1.32,2,1,waterfront,1,0,21.7,1407830
3769,6,5,1937,0.63,2,1,downtown,0,1,5.3,1020660
1385,3,4,1974,0.69,0,1,downtown,0,1,13.1,404999
2571,3,2,1999,1.85,2,2,rural,0,0,1.5,364794
2007,3,2,1989,1.89,1,1,historic,0,1,6.0,528584
2616,4,3,1950,1.43,1,1,suburban,0,0,0.6,549007
3767,6,5,1949,0.39,0,2,newdev,1,1,7.2,756942
3749,7,5,1922,1.67,2,1,newdev,1,1,35.6,598374
4688,7,5,1969,2.53,1,2,suburban,0,1,8.0,929301
3909,5,4,1960,1.12,2,1,newdev,0,0,17.4,765843
5214,7,5,2009,0.29,0,2,historic,0,1,17.5,914724
4621,7,5,1977,2.74,0,2,rural,0,0,12.5,620250
1895,2,1,1994,1.97,1,1,waterfront,0,0,34.4,450284
1337,3,2,1931,1.88,0,2,downtown,0,1,7.1,478487
2123,2,2,1959,0.58,0,1,downtown,0,0,13.3,492286
4452,7,5,1950,0.15,1,2,newdev,0,0,34.9,600244
4974,7,5,1990,2.31,1,1,historic,0,0,35.5,848203
3266,4,4,1985,2.46,0,2,suburban,0,0,21.4,571103
3608,7,5,1979,0.81,1,3,downtown,0,0,29.0,737866
946,1,1,1937,0.1,3,2,waterfront,1,1,40.1,215317
4857,7,5,1993,2.18,3,2,historic,1,0,22.9,1017231
4693,6,5,1946,0.31,2,2,downtown,1,1,17.2,1073084
2227,2,1,1975,2.35,1,2,historic,0,1,18.1,520409
1765,1,1,1976,0.83,3,2,newdev,1,1,39.8,258617
1020,1,1,2001,2.78,2,2,downtown,0,1,41.0,306918
4150,5,5,1957,1.13,3,1,waterfront,0,1,15.2,1170229
690,1,1,2015,2.16,2,1,downtown,0,1,1.6,422568
3904,6,5,1978,1.11,2,2,rural,0,0,39.8,347769
4810,7,5,2019,1.69,0,1,waterfront,0,1,33.0,1023949
2788,3,2,2017,2.75,0,2,waterfront,0,1,10.3,912667
1689,1,1,1992,0.66,1,2,historic,0,0,0.5,391444
1142,1,1,1953,2.21,0,1,waterfront,0,1,5.6,437912
3407,6,5,1967,2.57,2,2,historic,0,1,23.9,716313
5431,7,5,1955,2.44,1,1,downtown,1,1,12.6,1430278
3915,5,5,1958,2.42,2,1,suburban,0,0,39.7,516850
2637,4,3,1932,2.12,2,2,newdev,1,1,25.7,537154
4541,7,5,2019,1.01,0,2,waterfront,1,0,18.9,1225364
850,1,1,1935,0.99,3,2,waterfront,0,1,19.6,331319
1950,3,2,1996,1.05,3,1,downtown,0,0,35.9,438925
669,1,2,1974,1.53,0,3,newdev,0,0,0.6,230958
3604,7,5,2009,1.14,0,1,suburban,0,1,4.9,743910
5374,7,5,1998,0.1,1,1,waterfront,1,0,12.4,1425648
1187,2,2,1937,0.29,2,1,newdev,0,1,27.5,268624
2924,3,3,1963,2.03,3,2,rural,0,1,29.6,344837
2526,4,5,1961,0.71,3,1,newdev,0,0,4.0,590486
5414,7,5,1933,2.99,1,1,newdev,0,1,34.8,803914
4545,7,5,1935,2.8,2,3,suburban,1,0,16.7,839199
3801,5,5,1928,0.24,2,2,suburban,1,1,29.8,518213
3250,5,4,2024,1.05,3,3,rural,0,0,39.2,331300
1944,3,3,1931,1.51,2,1,downtown,0,0,23.3,483985
2256,4,3,1973,0.21,0,3,rural,0,1,15.5,263628
1456,2,3,1945,0.71,2,3,newdev,0,1,40.1,267711
2211,3,4,2022,0.21,2,2,waterfront,0,1,15.3,655556
3936,7,5,2021,0.28,3,2,historic,0,1,37.6,631415
917,1,2,1994,0.84,2,1,historic,0,0,10.4,290862
4280,6,5,1920,1.35,0,2,historic,1,0,22.8,851919
3108,6,5,1926,1.54,1,2,newdev,0,0,38.6,455403
3786,7,5,1962,0.61,1,1,newdev,1,0,15.1,753514
1414,1,2,2013,0.85,2,3,rural,1,0,40.8,180409
2271,4,3,1966,0.38,2,2,historic,0,0,44.2,358349
627,1,1,2019,2.33,2,1,downtown,1,1,5.9,388606
4979,7,5,1935,1.5,2,1,rural,0,1,8.3,665056
2650,5,4,1999,2.43,0,1,suburban,0,1,7.6,568404
4981,7,5,2016,1.93,0,2,waterfront,1,0,36.4,1064494
1972,2,3,2001,1.5,0,3,suburban,1,1,17.7,367699
3621,5,4,1924,1.41,0,2,rural,0,1,29.4,318006
3181,5,4,1937,2.54,0,2,suburban,1,1,25.1,589431
5118,7,5,1935,1.91,0,3,rural,0,1,24.4,533704
1473,1,1,2005,2.9,1,3,rural,1,0,13.0,273660
3975,5,5,1966,0.32,2,3,rural,1,0,1.7,554307
1362,1,2,1997,1.84,0,2,downtown,0,1,34.7,326328
3207,4,3,1993,0.72,0,1,downtown,0,1,37.9,506617
1252,3,4,1993,2.62,2,2,newdev,0,0,40.3,282941
933,1,1,1931,2.01,2,3,downtown,0,0,4.7,387490
4507,6,5,2023,1.15,0,2,suburban,0,0,15.4,746550
2116,4,5,2009,2.61,0,2,suburban,0,0,33.3,393378
2554,4,3,2007,1.62,2,2,newdev,0,1,24.9,467155
1086,1,1,1998,2.03,1,2,rural,0,0,18.5,128427
2956,4,3,1998,2.58,0,3,waterfront,0,1,0.6,1040985
1538,2,3,1944,2.27,1,2,suburban,0,0,6.4,473546
981,2,1,2007,1.24,1,2,downtown,0,0,32.4,275561
712,1,1,1963,0.7,1,1,newdev,0,1,15.0,143347
2853,4,5,1945,2.59,1,1,waterfront,0,0,39.2,682553
2588,4,4,1955,1.37,2,1,waterfront,1,0,3.2,976108
4358,7,5,1946,1.3,2,1,rural,0,0,19.5,506083
712,1,2,1928,1.8,2,2,newdev,0,1,9.4,297055
3799,6,5,1981,0.74,1,1,suburban,1,1,10.2,694201
5119,7,5,1938,0.42,2,2,rural,0,1,38.9,400559
3907,5,4,1992,2.88,0,1,rural,0,0,34.2,387739
5154,7,5,2022,2.78,1,3,waterfront,0,0,43.2,978812
5137,7,5,1963,0.1,1,1,downtown,0,1,11.7,1218523
2827,5,4,2000,1.27,2,1,waterfront,1,0,40.1,630092
3523,5,4,1988,1.07,1,2,historic,0,0,5.1,861409
1722,1,1,1925,0.69,3,2,newdev,0,0,30.8,300698
1711,1,2,1947,0.73,0,1,rural,0,1,5.9,211165
2897,5,5,1977,2.69,0,2,suburban,0,0,36.3,450413
2575,3,3,2008,0.9,1,3,newdev,0,1,36.9,344163
2372,3,3,1932,0.36,1,2,rural,0,1,31.5,261990
5157,7,5,1923,2.24,0,3,rural,0,0,37.1,436967
2518,5,4,2013,0.62,1,1,suburban,0,1,3.2,508617
857,1,2,2012,0.69,2,3,waterfront,0,0,37.6,250104
1903,3,3,1920,0.6,0,2,suburban,1,0,4.3,398342
4000,5,5,1949,2.13,1,2,newdev,0,1,7.5,879638
5468,7,5,1992,0.73,3,2,suburban,1,1,14.5,913036
764,1,1,1957,1.19,3,1,historic,0,0,40.6,141213
2482,5,5,1988,2.85,0,2,waterfront,1,0,2.9,1074520
1635,1,1,1985,2.59,0,1,historic,0,1,23.9,415060
1366,2,2,1962,1.69,1,1,waterfront,1,0,6.7,585858
1332,3,2,1999,1.38,3,3,newdev,0,1,21.0,312523
2863,4,3,1924,2.32,0,3,newdev,0,0,4.2,675854
5399,7,5,2008,0.65,0,2,historic,0,0,35.5,812633
811,2,1,1965,1.01,0,2,newdev,0,1,12.1,244705
5321,7,5,1956,1.52,0,1,suburban,0,0,14.5,900150
4441,6,5,1975,1.46,0,2,downtown,0,1,39.9,722690
1326,2,3,1986,0.9,1,2,waterfront,0,0,18.9,442909
2807,5,4,1961,1.17,0,2,rural,0,1,33.0,274672
4448,6,5,1946,0.8,3,2,rural,0,0,6.1,590324
1097,1,1,1935,2.61,2,2,downtown,0,1,28.3,352914
2053,4,4,1983,2.65,1,2,suburban,1,0,24.0,501618
1125,1,1,1951,0.55,0,1,newdev,1,1,32.8,151843
3119,5,5,1940,0.16,3,3,suburban,0,1,10.0,592748
3136,5,4,1979,2.63,3,2,newdev,1,0,16.3,746673
946,1,1,2020,0.76,2,2,historic,0,1,9.0,237569
790,2,1,1980,1.19,3,2,rural,0,0,33.0,105620
4703,7,5,1955,1.06,1,2,historic,0,1,2.2,1126221
1071,1,1,1946,2.76,1,2,suburban,0,1,39.8,233755
1758,1,1,1932,2.16,3,2,waterfront,0,0,27.5,538781
2227,2,3,1931,1.93,1,2,suburban,0,1,29.2,366699
3931,5,5,1929,2.87,3,2,waterfront,0,1,43.3,833828
3935,7,5,1987,2.69,0,1,suburban,0,0,26.6,634524
5103,7,5,1987,2.78,1,3,waterfront,0,1,28.8,1266380
4674,7,5,1956,2.49,0,3,waterfront,0,0,17.9,1265618
1074,1,1,1997,0.31,0,2,newdev,0,0,24.5,149953
2450,3,3,1987,1.48,0,2,suburban,1,0,8.1,495464
4743,6,5,1950,1.41,2,2,waterfront,0,0,11.9,1290470
898,2,3,2013,0.95,3,3,downtown,0,0,35.1,262821
3839,6,5,2021,2.26,0,1,newdev,0,1,35.2,629455
747,1,1,1927,1.61,1,2,waterfront,1,0,36.9,259574
4332,6,5,2015,0.72,1,1,rural,0,1,2.8,563240
4120,7,5,1943,1.37,0,2,newdev,1,1,34.5,625698
2327,4,4,1957,2.27,0,1,suburban,0,0,35.8,346778
4265,6,5,1958,0.79,1,2,downtown,0,0,29.2,819011
1439,3,3,1977,2.1,0,2,downtown,0,0,36.2,342053
2940,5,4,1922,2.17,3,2,historic,0,1,34.2,560662
4046,7,5,2023,1.19,2,2,newdev,1,0,40.1,563456
3021,4,5,2020,1.16,3,3,historic,0,0,15.2,706637
4699,7,5,1999,2.4,1,1,suburban,0,0,37.8,628141
2427,4,3,2019,2.91,3,2,historic,0,1,28.2,612802
1869,3,4,1935,1.43,3,1,newdev,1,0,33.8,384749
3135,6,5,1949,1.61,1,2,newdev,0,0,40.5,425622
5196,7,5,1920,2.7,3,3,downtown,0,1,15.7,1327340
5099,7,5,1995,2.31,1,2,newdev,0,0,35.4,734894
3933,7,5,1947,0.14,3,2,downtown,0,0,36.4,734563
3169,6,5,2016,0.45,1,2,waterfront,0,0,26.6,789497
2827,5,4,1923,2.51,1,2,suburban,0,0,30.2,421137
4809,7,5,1970,2.73,3,1,downtown,0,1,22.9,1201051
3343,4,3,1928,1.19,0,2,newdev,0,0,13.5,623692
1199,2,2,1926,1.41,1,3,historic,0,1,29.1,262180
3617,5,5,1955,0.88,3,2,waterfront,0,1,7.7,1142831
4278,6,5,1971,2.31,3,3,suburban,0,1,1.4,965524
4631,7,5,1980,2.78,0,1,historic,0,1,1.5,1142361
4892,7,5,1953,0.29,1,1,suburban,1,0,4.5,950069
3531,6,5,1945,1.1,3,1,waterfront,0,1,1.0,1292382
1945,4,3,1930,1.85,0,2,downtown,0,1,11.1,549688
1684,2,2,1989,1.76,2,2,downtown,0,0,20.4,473413
5066,7,5,1953,1.82,1,2,rural,0,0,39.0,434241
1374,2,2,1956,2.99,1,2,suburban,0,0,18.2,347418
4976,7,5,1979,2.25,3,3,historic,0,0,3.8,1258830
4626,7,5,1943,0.4,1,2,historic,1,0,26.0,784078
3386,6,5,2020,2.22,3,1,waterfront,0,0,39.5,810625
3208,5,4,1963,0.76,3,3,downtown,1,1,18.4,826921
1574,2,2,2009,0.28,3,1,waterfront,0,0,16.7,512453
1291,3,2,1943,0.75,2,2,newdev,0,0,44.7,197499
3598,4,4,1989,2.97,0,3,rural,1,0,33.1,343546
2027,2,3,1937,1.05,3,2,historic,0,1,11.0,501330
5038,7,5,1922,2.86,1,1,rural,0,0,30.0,455490
5500,7,5,1952,1.57,2,3,suburban,0,1,38.2,664504
4795,7,5,1928,1.98,2,2,waterfront,1,0,31.4,1118543
2066,2,3,1971,1.4,3,1,historic,0,0,42.1,352589
4302,7,5,2019,0.33,0,3,newdev,1,1,27.7,661340
5307,7,5,1983,2.18,1,1,rural,0,1,44.7,424132
912,2,3,1960,2.08,0,2,newdev,0,0,16.9,251355
3552,5,5,2013,1.9,3,2,downtown,0,0,8.0,1008149
5038,7,5,1963,2.57,2,2,suburban,1,1,26.9,827931
3009,4,5,1951,1.94,1,3,historic,0,1,37.4,535638
2420,3,4,1993,2.81,2,2,suburban,0,0,31.0,448788
3367,6,5,1942,2.75,2,2,suburban,0,1,42.6,466117
2415,5,4,1963,1.64,2,1,suburban,0,1,16.9,538349
4851,7,5,1991,1.04,2,2,newdev,0,1,10.5,978517
2190,3,4,1999,0.45,0,1,waterfront,1,0,2.6,699992
5367,7,5,2021,0.21,2,1,waterfront,0,0,15.0,1381862
4316,6,5,1961,0.69,1,3,suburban,0,0,36.9,481805
4896,7,5,2022,1.34,2,1,downtown,0,0,31.5,972060
1493,2,1,1924,2.35,1,2,waterfront,0,1,25.5,431511
4515,6,5,1966,0.48,2,2,suburban,0,1,25.3,635468
4107,6,5,1961,2.61,3,2,historic,1,1,13.8,1037386
3367,6,5,2014,2.69,2,2,newdev,0,1,43.4,546766
3199,6,5,1956,0.62,1,2,historic,0,0,36.7,486627
1715,1,1,1925,0.55,2,2,newdev,0,0,3.7,361442
2536,3,4,1934,2.42,2,1,suburban,0,1,15.6,545194
4087,7,5,1943,2.08,2,2,rural,1,1,26.6,492106
4619,6,5,2008,2.97,1,2,waterfront,1,1,29.1,1196358
3600,7,5,2010,0.59,2,2,suburban,0,0,36.3,493855
2016,4,5,2023,2.47,1,1,downtown,0,0,27.5,600211
3097,6,5,1927,1.19,0,1,historic,0,1,12.2,675421
1911,2,3,1990,1.44,0,2,suburban,1,1,23.6,377176
2080,3,3,1979,1.03,2,2,newdev,0,1,6.5,513690
1867,4,3,1961,0.51,0,2,newdev,1,1,40.5,245877
3815,5,5,1943,2.18,0,3,waterfront,0,0,20.8,1000415
2361,2,2,2020,2.18,1,2,newdev,0,0,15.0,516817
5243,7,5,2014,1.29,1,1,newdev,1,1,29.7,863324
5393,7,5,1958,0.79,1,1,suburban,0,1,31.8,703760
5025,7,5,1991,2.83,2,2,downtown,1,1,33.3,1096073
4639,6,5,2023,1.24,1,1,historic,0,1,39.0,631728
4680,7,5,2012,0.44,3,2,historic,1,0,8.8,1045289
2028,3,2,1940,0.26,1,3,historic,1,1,32.5,360603
3277,4,5,1991,2.84,1,1,suburban,0,0,6.5,755334
3584,5,5,2021,2.21,0,2,suburban,0,0,39.8,468012
4414,7,5,1984,2.6,3,2,newdev,0,1,30.2,814096
3527,4,3,2001,1.65,0,1,suburban,0,1,44.0,401383
1271,3,4,1961,0.42,0,2,suburban,0,0,1.5,312345
1822,4,5,1941,2.36,2,3,downtown,0,1,9.3,683110
4789,6,5,1998,2.49,0,2,waterfront,1,0,9.9,1523817
5461,7,5,1997,2.91,1,2,downtown,0,0,5.6,1539822
4371,7,5,2016,2.01,0,1,historic,0,0,5.5,1084703
3898,5,4,1943,0.22,0,2,suburban,0,1,42.0,424466
2353,2,2,1993,0.66,3,2,suburban,0,0,20.8,424117
3069,6,5,1939,2.32,2,1,downtown,0,1,1.5,1023756
4899,7,5,1921,1.77,2,1,suburban,0,1,6.2,945663
5444,7,5,1966,2.98,2,3,waterfront,0,0,36.3,1189426
5484,7,5,2019,2.11,3,1,downtown,0,1,5.8,1568737
2856,3,3,1965,1.69,2,2,rural,0,0,38.2,268540
1879,2,1,1981,2.8,3,1,rural,0,1,10.8,337817
4653,7,5,1941,1.84,0,2,newdev,0,1,19.5,818069
1664,1,1,1987,1.99,0,2,rural,0,0,37.3,147898
662,1,2,2010,2.61,0,1,downtown,0,0,27.9,289853
4666,7,5,1977,1.17,2,2,downtown,0,1,26.8,973972
3451,5,5,1974,2.55,1,2,waterfront,0,0,37.7,787437
1505,1,2,1927,2.33,0,1,suburban,0,1,25.1,305195
1422,2,2,1955,2.31,0,2,suburban,1,0,24.7,258736
3600,6,5,1938,1.82,0,2,newdev,0,1,4.3,809746
4764,6,5,1977,0.39,0,2,newdev,0,1,4.0,982503
3558,6,5,1982,0.97,3,1,downtown,0,0,1.3,1098000
4164,5,5,1988,2.59,2,2,waterfront,1,1,22.6,1206446
3334,4,5,2022,2.63,1,2,waterfront,0,1,41.5,761994
4183,6,5,1939,0.33,0,2,suburban,0,1,1.3,795108
3998,6,5,1959,2.9,0,1,downtown,0,1,26.7,922021
4428,6,5,1924,0.16,2,2,suburban,0,1,26.1,615027
1138,1,1,1925,0.84,0,2,rural,1,1,35.4,153841
4935,7,5,1948,1.98,1,2,historic,1,0,36.7,769517
2997,3,3,1968,2.87,1,1,waterfront,0,0,22.1,872602
5277,7,5,1949,2.51,2,2,suburban,0,1,26.4,892330
4254,6,5,2011,2.49,2,1,waterfront,0,0,10.0,1324670
1017,2,2,2024,2.72,1,1,downtown,1,0,37.9,326120
2725,3,4,2022,0.34,2,3,newdev,1,0,40.4,357932
1284,2,1,2013,2.53,2,3,historic,0,0,43.7,317162
3091,6,5,1940,2.3,3,2,historic,0,1,43.8,504142
3662,6,5,1989,0.6,0,2,historic,0,1,21.6,678014
2073,2,2,1992,0.35,3,1,newdev,0,0,23.2,370228
4693,7,5,1954,2.4,3,2,historic,0,1,32.8,796000
4508,7,5,1926,0.87,2,1,newdev,0,1,40.8,633474
1324,3,3,1934,1.13,0,2,historic,0,0,22.2,276137
5131,7,5,1962,2.2,2,1,waterfront,1,0,13.5,1492040
970,2,2,2009,1.95,3,2,historic,0,1,42.1,235167
4791,7,5,1928,1.39,1,2,rural,0,1,6.8,637322
3512,6,5,2000,1.28,1,1,historic,0,1,24.3,666943
936,1,1,1953,1.25,1,2,waterfront,0,1,1.5,381201
1119,1,1,1929,0.72,0,2,newdev,0,1,29.9,206692
1937,2,3,1972,0.41,1,2,newdev,1,0,15.7,388110
2636,3,3,1961,1.71,0,2,rural,0,0,16.5,361150
4659,6,5,1935,1.89,3,2,newdev,0,0,31.5,731279
2841,3,4,1973,1.27,0,2,newdev,1,0,34.9,448519
5009,7,5,2000,0.22,0,2,waterfront,0,0,12.6,1303923
4227,7,5,1986,2.56,0,1,rural,0,1,28.4,495540
5010,7,5,2009,2.93,3,3,historic,1,1,41.9,802003
3722,7,5,2008,2.69,0,2,rural,0,1,36.3,397783
1704,3,4,2006,0.62,3,2,suburban,1,0,16.1,399092
1176,1,1,1974,2.08,0,1,historic,1,0,19.2,322915
1630,1,2,1994,0.85,2,2,downtown,1,1,0.8,630689
802,2,3,2003,1.76,1,2,historic,0,0,2.6,418804
2844,5,5,1998,1.36,3,2,downtown,0,1,12.2,810052
717,1,1,1974,2.61,3,2,rural,0,1,35.3,139338
2408,3,4,2023,1.86,3,1,suburban,0,1,36.1,414709
3723,5,5,1943,2.33,2,3,rural,0,0,18.1,460751
2475,3,2,2008,2.8,3,1,suburban,0,0,7.3,620113
2083,3,3,1981,2.11,3,2,waterfront,0,1,27.8,638297
2048,3,4,1932,0.37,2,2,historic,1,0,0.8,573244
4997,7,5,1980,1.81,3,2,newdev,1,0,9.2,1118797
3535,5,4,2022,0.89,1,3,waterfront,0,0,28.9,831717
4081,5,4,2013,0.42,1,1,suburban,0,0,33.2,534112
4123,6,5,1995,2.22,0,2,historic,0,0,16.9,856019
2768,5,4,1959,0.47,1,2,rural,0,1,36.0,278863
857,2,2,1952,0.99,2,2,newdev,1,1,33.4,219238
2212,2,1,1937,2.84,1,3,waterfront,0,1,30.9,550844
1295,2,2,2019,1.25,1,1,newdev,0,0,22.3,250202
851,1,2,1988,1.2,1,1,waterfront,0,0,29.6,314653
3770,5,4,1952,1.05,1,1,waterfront,0,1,32.5,835174
4720,6,5,1999,2.69,2,1,rural,0,0,38.7,469642
1450,3,2,2011,2.63,3,2,historic,0,0,38.0,320352
3429,4,4,1952,0.84,2,2,rural,1,0,37.3,325825
3562,6,5,1980,1.85,1,2,newdev,0,0,29.1,644543
3225,4,5,1996,0.46,3,2,historic,0,1,36.3,504349
5403,7,5,2019,0.55,0,2,rural,1,0,37.8,440594
1457,2,2,2007,0.5,3,1,downtown,0,1,32.1,352202
2268,4,5,1948,1.82,1,2,suburban,0,0,7.2,527831
1523,3,4,1990,1.55,3,1,historic,0,0,23.5,407151
5335,7,5,1941,0.52,0,1,downtown,0,0,8.3,1250522
617,1,1,2008,1.61,3,2,waterfront,0,0,41.0,207190
5172,7,5,2011,1.22,0,2,downtown,0,0,17.1,1157913
1361,2,1,2012,0.78,2,2,newdev,0,0,26.7,261644
2863,4,5,2002,0.5,2,2,waterfront,0,0,2.1,911693
2226,4,3,1978,2.52,3,1,downtown,0,1,42.5,528278
4184,5,5,1922,2.72,0,2,waterfront,1,1,12.5,1282685
1204,1,2,1970,2.76,2,1,newdev,0,0,44.4,263778
3253,4,4,1998,2.47,2,2,waterfront,0,0,16.8,1004328
5201,7,5,1973,1.69,2,2,suburban,1,1,7.6,986209
4925,7,5,1975,1.72,0,2,historic,1,0,16.7,987262
3639,7,5,1943,1.15,0,2,waterfront,1,0,31.3,865676
1312,1,1,2009,2.32,2,2,newdev,0,1,1.2,425662
1244,3,2,2017,2.84,2,1,downtown,1,1,15.4,545228
4372,7,5,1957,2.15,1,2,rural,1,0,35.4,496318
1391,3,4,2022,2.52,1,2,downtown,1,0,19.9,546893
4511,7,5,1995,0.32,0,3,rural,0,1,41.3,366489
1462,3,3,2007,0.95,3,1,rural,1,0,0.6,294270
3607,6,5,2010,1.77,0,1,newdev,1,0,41.7,514461
3403,5,5,1926,1.43,1,1,rural,1,0,22.9,436101
2893,3,2,1931,1.51,1,1,newdev,0,1,11.2,559528
1716,2,1,1969,2.83,2,1,waterfront,0,0,35.5,518470
1083,1,1,1993,1.18,0,2,suburban,1,0,44.2,142147
1305,2,1,1974,0.33,0,3,rural,0,1,2.9,157696
868,1,1,2023,1.35,2,3,downtown,0,1,11.9,331511
1309,3,4,2020,1.01,2,3,rural,0,0,36.0,144244
5149,7,5,1972,1.1,2,2,waterfront,0,1,37.7,1025106
1321,3,4,1985,2.78,3,1,rural,0,0,40.6,199084
2712,4,3,1939,1.12,3,1,newdev,0,0,21.3,511517
3031,4,5,1966,1.37,1,2,suburban,1,0,18.6,554327
918,2,2,1977,0.66,1,3,rural,0,0,24.8,154937
2048,3,2,1968,2.77,2,2,suburban,0,1,15.4,442732
2866,5,4,1970,1.14,2,2,downtown,0,1,7.6,848773
5224,7,5,1921,1.82,2,2,downtown,0,1,28.5,1067911
1433,1,1,1930,2.99,3,2,waterfront,0,0,6.8,650669
3016,6,5,2007,1.23,1,1,newdev,0,1,32.4,500886
2795,5,4,2007,0.61,0,1,newdev,0,0,20.0,514253
3170,6,5,1927,0.13,3,3,downtown,0,1,5.4,912828
2099,3,4,2007,2.09,2,2,newdev,0,0,20.0,521954
959,1,1,2017,1.38,1,1,waterfront,0,1,32.0,271907
829,1,2,2016,2.5,0,1,waterfront,0,0,43.7,245526
699,1,2,1994,0.44,2,2,suburban,0,0,19.6,121985
2928,3,2,1989,0.97,0,1,newdev,0,0,43.2,341875
3542,5,4,1967,2.09,2,1,downtown,0,1,3.6,1136144
5264,7,5,2002,0.16,3,2,downtown,0,1,32.4,996539
4511,7,5,2019,2.12,1,2,historic,0,0,32.4,819607
5271,7,5,1994,2.13,2,1,downtown,0,1,22.3,1193309
3688,5,5,1961,0.12,1,3,rural,0,0,22.4,402684
1665,2,1,1956,0.41,2,1,historic,0,0,29.9,282883
5291,7,5,1948,2.39,2,2,downtown,0,0,33.3,1036919
4055,7,5,1965,0.81,3,2,rural,0,0,7.2,561344
1555,1,1,1970,1.39,1,2,downtown,0,1,43.1,302456
5208,7,5,1977,1.04,1,1,suburban,1,1,8.0,956735
980,1,1,1973,2.05,1,1,newdev,0,1,17.0,260548
4384,7,5,2008,1.83,0,2,downtown,0,1,38.0,798039
2448,5,5,1920,0.62,3,3,suburban,0,0,3.5,577778
1619,3,4,1982,2.2,2,2,downtown,1,0,34.9,450217
4721,7,5,1988,1.18,0,3,historic,0,1,31.2,733557
1371,2,3,1986,0.23,0,2,suburban,1,0,3.5,306882
3675,7,5,1985,2.73,3,1,historic,0,1,43.3,619434
1386,3,2,1941,2.19,3,1,downtown,0,0,25.0,458973
3012,6,5,2000,2.79,1,1,newdev,0,0,11.7,729833
2883,5,4,2013,0.48,0,1,waterfront,0,0,31.7,659287
1636,3,4,2014,0.14,0,3,suburban,0,1,42.2,198402
1674,1,2,1976,1.54,1,3,downtown,0,1,32.4,350158
939,1,2,1931,1.31,0,2,rural,1,0,0.6,190683
5473,7,5,1978,1.43,3,2,downtown,0,0,34.7,1012318
787,2,1,1996,0.36,0,2,rural,1,0,38.8,111340
4949,7,5,2020,0.18,1,3,historic,0,0,28.1,842169
3810,5,4,1992,0.34,1,1,waterfront,1,0,22.8,917490
3619,6,5,1978,2.87,0,2,suburban,1,0,4.2,849623
4795,7,5,1966,0.28,2,2,rural,0,1,43.5,357608
3108,6,5,2011,0.75,3,2,downtown,0,1,7.9,940201
2154,2,1,1969,0.49,0,1,rural,0,1,10.1,233024
3414,6,5,2009,1.03,1,1,newdev,0,1,42.7,474017
5467,7,5,1932,2.25,3,1,newdev,0,1,40.9,738225
5276,7,5,1953,0.74,2,1,suburban,0,1,43.8,542869
2129,3,4,1927,1.16,1,1,suburban,0,0,42.7,307184
1235,1,2,1966,2.56,3,2,downtown,0,1,17.0,485454
4424,7,5,2008,1.73,2,2,rural,1,1,26.6,547495
2797,5,5,1962,2.85,2,1,waterfront,0,1,44.6,623790
2818,4,4,2013,1.82,3,1,waterfront,0,1,6.1,1044972
781,2,3,1921,1.76,2,2,downtown,0,0,34.3,285634
5481,7,5,2020,2.83,3,2,rural,1,0,5.5,812566
2862,3,2,1967,2.35,0,2,suburban,1,0,42.0,368923
2942,3,4,1953,1.99,1,1,suburban,1,0,13.9,572080
1057,1,2,1972,0.74,3,1,downtown,0,0,24.3,320772
1599,2,3,1965,2.77,1,1,downtown,0,1,4.6,636285
1881,2,2,2024,2.91,2,3,suburban,1,1,12.1,489735
4680,6,5,1983,0.66,1,3,newdev,0,1,36.0,671207
2423,4,4,1977,0.48,3,2,newdev,0,1,8.9,524525
4434,6,5,1955,2.74,0,3,newdev,0,0,36.7,661548
3610,6,5,1986,2.01,0,1,downtown,0,1,38.6,679154
2059,4,3,1928,1.0,2,2,newdev,0,0,19.4,407492
5299,7,5,2018,2.76,3,2,newdev,0,1,44.7,698755
887,1,1,1945,1.2,2,2,newdev,0,1,8.3,250289
2127,4,5,2000,2.58,1,2,suburban,0,1,37.3,338648
2346,2,1,1941,0.54,3,1,newdev,0,0,0.6,489122
2419,4,3,1936,0.76,3,1,historic,0,0,21.4,530032
1350,1,2,1978,0.23,1,2,historic,1,0,34.5,251327
2237,3,2,1932,0.14,0,1,waterfront,0,1,29.2,412620
5135,7,5,2006,1.72,1,3,downtown,1,1,41.6,887510
2715,4,4,1945,1.04,2,1,suburban,0,0,44.2,299217
1851,2,1,2011,1.57,0,2,rural,0,0,15.9,282171
5237,7,5,2024,2.03,1,1,newdev,0,1,3.0,1151566
2099,4,4,1947,1.18,0,2,suburban,1,0,3.5,465452
2824,4,5,2021,1.53,0,1,downtown,1,1,10.7,806106
5178,7,5,2003,1.73,1,1,newdev,0,0,35.0,763256
4767,7,5,1971,0.76,3,3,rural,1,0,14.5,632683
2867,4,3,1966,1.02,0,1,newdev,0,1,4.3,625310
1234,3,4,1963,1.06,2,1,historic,0,1,26.9,320800
2332,4,4,1977,1.69,2,1,downtown,1,0,36.6,554671
1896,4,3,1929,1.91,3,1,suburban,0,0,14.2,445230
2253,4,3,2016,2.18,3,2,historic,1,1,2.1,786562
1207,1,1,1982,2.69,1,1,historic,0,0,20.0,332052
3789,7,5,1978,2.88,3,3,historic,1,1,11.1,1027060
5283,7,5,1959,0.69,0,3,waterfront,0,1,8.9,1428517
4798,7,5,2020,1.78,2,1,suburban,0,0,2.5,994438
792,1,1,2023,1.2,2,2,newdev,1,1,21.9,256183
1009,1,1,1973,2.91,3,2,rural,0,1,22.6,199810
4287,7,5,1973,2.47,3,2,waterfront,0,1,38.7,998345
870,1,1,1951,1.12,1,2,suburban,0,1,43.9,96652
4404,7,5,1934,2.66,2,1,historic,1,0,14.8,1024594
1005,2,2,1995,1.45,0,1,rural,0,0,7.7,189071
2290,3,3,1950,2.96,2,2,rural,0,1,16.0,379229
2907,4,5,1975,0.82,2,2,rural,0,1,32.1,312698
3101,6,5,1970,1.75,1,2,suburban,0,1,26.2,489543
2935,3,4,1954,2.64,2,1,historic,0,0,10.5,717866
1651,3,4,1981,2.2,1,2,newdev,0,0,11.6,432998
1448,1,2,1977,0.47,1,1,waterfront,0,1,15.0,432777
2178,3,4,2010,2.37,2,2,waterfront,0,0,2.2,882501
683,1,1,1955,1.74,2,2,downtown,0,0,25.7,258514
3514,4,3,2019,0.43,3,2,waterfront,0,1,9.0,1026620
5370,7,5,2006,2.53,0,2,waterfront,0,0,42.5,1004281
3044,4,4,2009,1.05,3,1,downtown,0,0,42.1,570007
5111,7,5,1946,0.96,1,1,waterfront,0,0,2.0,1543171
2998,3,3,1972,0.7,0,1,rural,0,1,32.3,289432
4005,7,5,2008,2.06,3,2,downtown,0,1,32.1,915236
2898,4,5,1926,0.54,0,3,newdev,1,1,40.1,380490
1127,1,1,1944,2.98,2,1,rural,0,0,10.7,243623
984,1,1,2024,1.72,2,2,waterfront,0,0,20.5,336724
3358,6,5,1945,0.68,1,2,suburban,0,0,1.2,667837
1483,1,1,1921,0.77,1,1,rural,1,1,20.1,214469
1606,3,3,2020,1.42,0,2,waterfront,0,1,27.6,439463
2640,5,4,1942,0.91,2,1,downtown,0,0,41.0,523296
5365,7,5,2024,1.51,1,1,suburban,0,0,2.6,1010742
5363,7,5,1931,1.42,1,1,newdev,0,1,2.8,1117721
3658,5,5,2024,2.65,3,2,newdev,1,0,37.5,591298
4656,7,5,1972,0.41,1,2,downtown,1,1,29.0,938145
2462,5,5,1939,2.39,3,3,suburban,0,0,8.5,607213
5391,7,5,1969,1.24,2,3,rural,0,0,22.1,587088
2137,3,4,2018,2.83,1,1,suburban,0,0,44.1,341041
4806,7,5,2009,1.11,3,3,historic,0,0,20.7,968917
1005,1,1,2008,0.2,1,2,suburban,0,0,26.7,136006
3507,4,5,1960,2.23,0,2,downtown,0,0,6.8,958764
4632,7,5,1952,0.82,3,1,suburban,0,1,38.6,594446
2043,3,4,1961,2.09,2,2,newdev,1,0,40.9,378072
612,2,3,2024,0.67,2,2,rural,1,0,14.1,175974
5352,7,5,1954,1.45,1,1,rural,1,1,3.7,710886
3165,4,5,1977,1.54,1,2,waterfront,0,0,42.7,607752
2510,4,3,1977,2.77,3,2,suburban,0,1,25.7,486431
743,1,1,1971,1.11,0,1,historic,0,0,29.6,103500
1836,4,4,1934,0.31,3,1,downtown,0,1,14.6,513836
5364,7,5,1975,0.81,1,3,waterfront,0,1,30.1,1159370
3688,5,5,2004,0.85,0,3,newdev,0,0,9.2,723719
1476,1,2,1988,2.3,0,1,rural,0,0,3.4,239216
1843,2,1,2020,0.32,2,2,newdev,0,1,24.5,306459
4167,7,5,1988,1.55,3,2,downtown,0,0,24.1,975598
3790,6,5,2016,0.49,0,1,waterfront,0,1,20.2,990332
4896,7,5,1960,1.61,3,3,waterfront,0,1,33.8,1100468
4166,7,5,1947,0.96,1,1,historic,0,1,36.5,637190
2066,2,1,1943,0.15,0,1,rural,0,1,24.2,190881
4578,7,5,2018,2.6,0,1,waterfront,1,0,37.2,1008648
3928,7,5,1996,2.93,2,2,newdev,0,0,23.4,800715
763,1,1,1975,1.32,0,3,newdev,0,0,3.3,248942
3449,4,5,1940,1.66,1,2,waterfront,0,0,0.7,1134541
2070,3,2,1987,2.71,0,2,historic,0,1,38.0,368714
2000,4,5,2018,1.87,0,2,waterfront,1,0,37.1,553101
2460,3,4,1946,2.66,3,3,suburban,0,1,18.6,470438
1282,3,3,2001,0.43,3,1,waterfront,1,0,11.5,484118
1490,1,1,1944,0.55,1,1,suburban,0,0,30.4,175426
4762,7,5,1964,2.7,3,3,historic,0,1,15.0,1131495
762,1,1,1983,1.22,0,2,newdev,0,0,0.8,196275
5009,7,5,2003,2.46,1,1,historic,0,1,27.5,938677
4721,7,5,1965,2.91,3,2,historic,0,1,16.1,1080811
4675,6,5,2006,0.15,1,3,waterfront,1,1,31.5,1021981
1999,4,4,1993,2.51,1,2,waterfront,0,1,27.9,614944
5459,7,5,1963,1.05,2,3,waterfront,0,1,33.3,1171228
784,1,1,2000,1.48,3,2,historic,0,0,34.5,193698
5302,7,5,1982,0.16,0,2,historic,1,1,31.0,800062
5277,7,5,1955,0.32,1,2,historic,0,0,18.8,954089
2586,4,4,1986,2.84,2,1,waterfront,0,1,13.5,936397
2975,4,3,2021,1.85,3,1,rural,0,0,37.7,299711
857,1,1,1937,2.89,0,2,waterfront,0,0,1.3,427269
2669,4,5,1933,2.33,0,2,historic,0,0,15.2,624074
3099,6,5,1990,0.79,3,2,newdev,0,1,19.0,642179
4262,7,5,1926,0.1,0,3,rural,1,1,5.0,551871
5486,7,5,1946,0.15,2,2,rural,0,1,34.6,481078
5034,7,5,1975,1.4,0,2,waterfront,0,0,24.1,1215537
1927,3,4,2022,0.2,0,3,suburban,1,1,40.0,274970
3021,5,5,1936,1.84,0,2,waterfront,0,1,43.0,626003
5176,7,5,1941,0.97,0,2,suburban,0,0,14.9,809465
4513,6,5,1974,2.33,1,1,downtown,0,1,11.0,1228444
3015,5,4,1953,1.55,3,2,rural,0,1,17.1,415723
1998,2,1,1988,0.75,0,2,downtown,0,1,15.3,479386
3448,4,3,1941,2.13,0,1,newdev,0,1,6.2,740134
1156,2,2,1950,2.78,1,3,waterfront,1,0,19.4,534392
2817,5,5,1989,2.22,2,2,rural,0,1,8.1,439336
3436,4,5,1960,0.39,0,2,rural,1,1,27.9,335980
4275,6,5,1963,2.76,0,2,rural,0,1,20.4,506611
3599,6,5,1965,2.34,2,2,historic,0,0,37.6,651716
4378,6,5,1994,0.97,3,1,rural,0,0,2.1,626565
848,1,1,1935,1.64,3,1,downtown,0,0,37.2,274449
4869,7,5,1974,2.82,3,2,historic,0,0,16.2,1106802
2208,2,2,1991,1.36,2,3,downtown,0,0,5.9,668853
3104,5,5,2004,0.72,2,3,suburban,1,0,5.0,661269
4080,7,5,1944,0.95,3,2,downtown,1,1,33.5,845768
1931,4,4,1995,2.8,2,1,suburban,1,0,26.7,398236
4122,6,5,1926,1.87,0,3,downtown,0,0,24.2,869788
5139,7,5,1949,1.77,1,3,newdev,0,0,4.7,1107979
4876,7,5,1941,1.99,3,2,newdev,0,1,26.4,866608
4188,5,5,1967,2.49,3,2,newdev,0,0,42.6,588733
1020,1,1,1929,1.38,3,3,historic,0,0,13.8,251964
5027,7,5,1997,2.73,3,1,waterfront,0,1,33.9,1129968
2751,4,3,2021,0.87,1,2,waterfront,0,1,44.2,509085
1458,1,1,2012,0.73,0,1,historic,0,1,38.3,222360
2613,5,5,1988,0.33,2,2,downtown,0,0,37.6,510202
4247,7,5,1926,1.17,1,2,waterfront,1,0,10.3,1288513
3164,6,5,1988,2.28,3,3,downtown,0,0,6.1,1029881
3832,5,5,2015,0.45,1,2,downtown,0,0,43.2,548882
4485,7,5,2002,2.61,2,1,suburban,1,0,26.0,758782
4950,7,5,2022,0.39,0,1,rural,0,0,39.6,379689
2292,3,2,1963,2.8,3,1,waterfront,1,0,41.2,635676
1246,1,2,1964,1.58,3,2,suburban,0,1,11.3,293222
3335,6,5,2016,2.54,3,1,rural,0,1,30.1,387297
1304,3,3,1969,2.48,1,2,waterfront,0,1,15.9,572895
2977,3,3,2006,1.88,1,2,suburban,1,1,8.6,616162
830,1,2,1996,1.32,3,2,downtown,0,0,13.6,319271
2688,4,3,2024,2.14,3,1,downtown,0,1,43.2,534474
3248,6,5,1962,1.65,2,2,rural,0,1,43.4,336206
5079,7,5,1982,2.94,0,2,suburban,1,1,9.8,1010301
1700,3,2,1953,1.94,2,2,downtown,0,1,35.8,439870
5311,7,5,1983,1.27,0,2,suburban,0,1,42.3,577982
4770,7,5,1960,2.29,2,1,newdev,0,1,24.4,868931
4621,6,5,1954,2.68,0,3,waterfront,0,0,34.2,1005576
2819,5,4,1945,0.98,1,2,historic,0,1,9.6,625026
3542,6,5,2013,0.78,3,2,waterfront,1,0,37.4,821230
1372,1,2,1921,1.85,0,2,suburban,1,0,8.8,330041
2766,3,2,1953,0.3,1,1,downtown,0,1,20.5,582474
1697,1,1,2017,0.91,0,1,newdev,1,1,4.9,392059
2567,5,5,1929,0.27,3,3,historic,0,0,43.0,412381
1783,1,1,1989,2.86,0,2,newdev,1,0,33.6,389760
5304,7,5,1943,0.61,0,2,rural,0,0,13.4,585633
2771,5,5,2006,0.72,3,1,downtown,0,0,9.1,798681
3725,5,4,1980,0.13,3,2,newdev,0,0,42.1,488831
1840,2,1,1996,1.07,1,2,waterfront,0,0,25.9,478286
5379,7,5,1963,1.45,2,1,downtown,0,1,11.3,1403349
3332,6,5,1923,2.42,1,2,waterfront,0,0,34.0,840506
1912,2,1,1946,1.67,3,2,downtown,1,0,29.7,489841
4660,6,5,1935,0.17,2,2,newdev,0,1,35.8,640430
1969,4,3,1980,2.52,3,2,rural,0,1,2.9,393148
1785,1,1,1957,2.58,1,1,rural,0,0,29.3,235759
2358,4,4,2016,0.34,0,2,rural,0,1,36.0,220431
4486,6,5,1998,0.17,1,2,newdev,0,1,4.7,922500
1246,3,3,1997,2.47,0,3,suburban,0,1,37.3,235174
3541,6,5,1964,0.42,0,1,downtown,0,0,14.7,854044
1344,1,1,1989,2.65,2,3,historic,1,1,21.8,398029
4105,7,5,1973,0.47,3,2,downtown,0,1,14.4,1033821
2490,4,5,1991,2.93,0,2,downtown,1,1,28.1,712742
5246,7,5,1975,0.97,0,2,historic,0,1,27.6,867711
2216,3,2,1955,1.67,3,2,waterfront,0,0,5.7,788346
5302,7,5,1960,0.9,1,1,newdev,0,0,3.4,1096539
4627,7,5,1938,2.61,2,2,downtown,0,0,0.6,1444478
768,1,2,1986,1.19,2,3,newdev,1,1,11.1,286549
4828,7,5,2018,2.36,0,1,rural,0,1,36.0,456750
789,2,1,1969,1.75,1,1,suburban,1,0,42.1,167356
4957,7,5,1978,2.25,0,2,downtown,0,1,24.7,1044255
1273,3,3,1981,3.0,3,1,downtown,0,0,41.5,414644
4819,7,5,1948,0.82,0,1,newdev,0,1,4.2,912008
1387,3,2,1960,0.37,2,3,rural,0,0,34.3,169346
748,1,2,1953,2.43,0,1,rural,0,1,34.4,118323
2875,4,4,1923,1.39,3,2,historic,0,1,26.4,567434
4138,6,5,2011,0.26,0,2,suburban,0,0,36.6,447413
5016,7,5,1984,0.54,1,3,suburban,1,1,43.6,595896
1752,1,2,1964,1.55,0,2,rural,0,0,21.3,244762
3536,6,5,1972,1.0,1,2,waterfront,0,0,13.6,1028982
5187,7,5,2009,1.06,0,3,waterfront,0,0,35.5,1034223
3281,5,5,1922,0.93,3,1,downtown,0,1,27.3,739909
3945,5,4,1930,0.47,1,2,suburban,1,0,1.8,779737
2039,2,1,1992,2.23,3,1,rural,0,0,1.8,402521
3665,5,5,2014,1.35,2,1,newdev,0,1,17.5,692048
976,1,2,1942,2.69,3,2,suburban,0,1,37.2,268997
3327,4,3,1966,1.55,1,3,rural,1,0,12.0,446513
3464,6,5,1930,1.52,3,2,suburban,0,1,34.2,524249
4358,7,5,1970,1.41,0,2,waterfront,1,1,42.1,842451
3878,5,4,1955,2.95,3,2,historic,1,1,35.7,720364
1259,3,2,1994,0.27,1,2,downtown,0,1,43.9,258977
1491,3,3,1984,1.74,2,1,suburban,0,1,39.0,272629
3116,6,5,2014,2.29,1,1,suburban,0,1,35.7,468770
4145,6,5,2014,2.28,1,2,rural,0,0,43.7,345384
2918,5,4,2018,0.46,3,1,historic,0,0,21.1,591344
620,2,2,1949,0.99,2,3,historic,0,0,32.7,159054
4038,7,5,1971,1.27,0,2,downtown,0,0,8.6,1050323
1918,3,3,1945,2.0,2,1,newdev,0,0,38.9,349908
3147,6,5,1987,1.33,1,2,suburban,0,1,2.9,707686
1078,1,1,1927,3.0,1,1,historic,1,0,4.1,433016
708,1,1,1980,2.46,1,1,newdev,1,0,26.7,237820
4422,7,5,1973,0.23,0,3,waterfront,0,1,30.9,897300
1017,2,3,1953,0.39,2,3,waterfront,0,1,41.5,228385
1586,1,1,1976,1.09,2,2,suburban,0,0,21.5,289953
4234,7,5,1920,1.47,3,2,downtown,0,1,5.5,1247393
4003,5,5,1923,1.7,0,2,waterfront,0,0,40.3,741599
5417,7,5,1952,1.5,0,2,suburban,1,1,37.8,627661
930,1,1,1991,2.6,0,1,rural,0,1,35.4,70869
857,1,1,2003,0.84,2,1,suburban,0,1,43.4,151985
1929,2,2,1994,0.21,3,2,newdev,1,1,38.2,305618
763,1,1,2007,2.08,0,2,historic,0,0,26.2,251335
3587,6,5,1938,0.36,0,3,downtown,1,1,37.1,644432
679,1,1,1966,0.23,2,1,rural,0,0,28.1,86448
2419,5,4,1956,1.67,2,2,downtown,0,0,1.0,860677
1211,1,1,1949,0.24,0,2,downtown,1,1,32.5,215549
5106,7,5,1957,1.27,1,1,newdev,0,0,14.3,945312
739,1,1,1983,1.32,1,2,historic,1,0,14.7,257635
2621,5,5,1961,2.26,0,1,historic,0,1,40.9,447405
2518,5,5,2017,1.73,0,2,rural,0,0,17.2,356477
973,2,3,1979,0.57,3,1,suburban,0,1,19.9,235766
2895,4,4,1979,0.51,2,1,waterfront,0,0,21.0,680498
1100,2,2,1935,1.15,2,3,waterfront,0,1,30.1,355758
3205,5,4,1987,0.15,1,2,rural,0,1,22.9,346341
3256,6,5,2005,0.63,0,1,historic,0,1,12.1,713566
3899,5,5,1943,1.71,2,1,waterfront,1,1,11.7,1196988
684,1,2,1968,2.08,1,2,downtown,0,1,9.8,280170
4498,7,5,1937,1.14,1,1,historic,1,1,27.5,804650
3929,7,5,1923,2.41,3,2,newdev,0,0,3.1,962732
2527,4,3,1964,2.39,1,2,suburban,1,0,43.1,383499
3281,6,5,1974,2.86,0,2,suburban,0,1,20.5,621745
4395,7,5,1963,1.1,1,2,downtown,0,0,37.5,746827
4916,7,5,1943,1.48,3,3,suburban,1,0,8.5,961285
1806,3,2,1933,2.31,3,2,newdev,1,1,27.5,417461
4628,6,5,1941,0.27,2,1,historic,0,0,13.4,928883
5133,7,5,1967,0.61,0,2,historic,0,0,26.5,819751
2067,2,1,1943,2.27,0,1,rural,0,1,12.5,285551
5075,7,5,1977,1.45,0,1,downtown,1,0,20.3,1135195
922,1,2,1921,2.83,2,2,suburban,0,0,18.9,255786
2890,4,5,1948,2.57,3,1,historic,0,1,19.8,713988
2579,5,4,1989,0.74,0,3,waterfront,0,1,3.2,876959
5105,7,5,2009,1.85,1,1,waterfront,0,1,8.5,1514050
1312,1,2,1935,2.48,1,2,newdev,0,1,43.9,205146
1627,2,3,1973,1.41,2,1,waterfront,0,1,16.3,552691
2282,4,4,1953,1.91,2,1,waterfront,0,1,13.9,842724
3576,5,4,1941,0.23,0,3,newdev,0,0,27.0,526130
1959,2,1,1967,2.35,2,1,historic,0,1,12.0,513540
2444,3,2,1964,2.88,1,1,suburban,0,0,11.4,517697
1150,1,1,2023,1.19,2,2,downtown,0,0,44.5,222801
873,1,1,1994,1.56,2,3,suburban,0,0,9.1,288980
1928,3,2,1970,2.77,3,1,downtown,0,1,25.6,572776
2488,3,2,2020,0.88,2,1,suburban,0,1,35.2,243268
3817,6,5,1996,1.88,0,1,suburban,0,1,18.4,694595
5416,7,5,1940,0.29,0,2,suburban,0,0,25.7,737134
4271,7,5,2021,0.38,1,1,waterfront,1,0,31.8,978752
3883,5,5,1955,1.47,1,3,historic,1,1,17.5,847896
1762,3,2,1999,1.33,3,1,downtown,0,0,29.9,485504
3183,4,4,1927,0.65,0,1,rural,0,1,16.3,319474
3203,4,4,1946,2.19,1,1,historic,0,1,11.1,776315
4217,7,5,1979,1.95,2,2,historic,0,1,31.3,746333
2658,3,2,1931,1.55,1,3,rural,0,0,26.8,274266
3078,6,5,1983,0.22,3,3,waterfront,0,0,39.7,585079
1993,4,5,1991,1.35,0,2,historic,0,0,15.6,478241
4149,6,5,1986,1.07,2,3,historic,0,0,43.8,542625
3226,6,5,2010,2.4,1,2,suburban,0,1,18.2,662320
1978,3,3,1947,2.6,2,3,rural,0,1,8.0,372718
1902,2,1,1964,0.13,0,2,suburban,0,1,8.0,320907
2009,4,4,1944,1.81,2,1,newdev,0,0,38.4,340795
1988,2,1,1955,0.35,1,2,downtown,0,1,18.1,441970
1700,2,2,1920,0.86,2,1,historic,0,1,9.1,392220
1146,1,1,2002,0.21,1,2,downtown,0,0,26.1,233954
5013,7,5,1937,0.56,3,1,downtown,0,1,38.4,902693
983,1,1,1987,0.52,3,3,downtown,0,1,13.0,349540
4024,5,5,1975,2.62,3,2,suburban,0,0,1.2,933151
3267,4,4,1942,0.68,3,1,waterfront,1,0,38.7,689143
2223,3,2,1921,1.96,2,2,newdev,0,1,13.8,487374
2238,4,3,1969,1.11,2,1,newdev,0,1,8.5,477517
4887,7,5,1973,2.69,0,2,newdev,0,1,27.4,834418
2075,4,3,2024,0.9,3,1,waterfront,0,1,5.0,789072
1308,2,3,1998,1.74,1,2,newdev,0,0,39.8,239482
2951,5,4,1976,0.99,2,1,waterfront,0,0,12.5,883425
2208,4,4,1993,0.84,0,1,rural,0,1,33.7,234912
3700,5,5,1991,1.75,2,3,waterfront,0,0,23.4,991857
699,1,2,1963,0.76,2,3,rural,1,1,8.3,143889
3801,7,5,1950,1.03,0,1,historic,0,1,24.2,709207
3096,5,5,2001,1.29,0,2,suburban,1,1,12.8,640474
4344,6,5,2013,1.19,3,3,rural,1,1,40.4,409875
3776,5,5,1990,2.78,0,2,newdev,0,0,23.6,689778
4839,7,5,1993,0.2,0,1,waterfront,1,0,26.2,1131105
3123,5,4,2009,1.42,3,1,rural,0,1,18.8,442228
4109,5,5,1924,0.76,1,2,rural,1,0,9.9,491315
2328,2,2,1980,2.13,0,2,suburban,0,0,19.2,426524
4494,7,5,1955,2.35,0,2,waterfront,1,1,10.2,1421611
982,1,1,2016,0.7,3,1,rural,0,1,44.4,70607
797,2,2,2022,2.98,2,1,newdev,0,0,6.7,392007
2749,5,5,1974,2.32,0,2,waterfront,1,0,18.6,915113
2287,2,1,2017,0.3,1,2,newdev,0,1,9.0,441143
4769,7,5,2006,2.99,1,2,downtown,0,1,31.8,977801
2271,2,2,1931,1.43,0,2,waterfront,0,1,8.1,660282
2289,4,5,1995,1.65,1,1,newdev,0,1,14.0,531628
757,1,1,1965,2.35,3,2,downtown,1,0,3.3,445326
2155,2,2,1953,2.99,1,2,suburban,0,0,36.6,363893
1801,4,5,2014,0.32,0,2,waterfront,0,1,28.7,491512
2416,5,4,1963,2.66,0,1,waterfront,0,0,40.6,570447
4786,6,5,1920,0.68,3,1,downtown,1,0,42.2,815374
3044,4,4,1926,0.69,0,2,newdev,0,1,7.6,595508
1830,4,3,1996,2.84,1,3,rural,0,1,34.0,295926
4349,6,5,1984,2.01,2,2,suburban,1,1,4.5,944949
4032,7,5,1974,2.82,0,3,historic,1,0,8.1,1007442
727,2,1,1987,0.49,0,1,historic,0,1,3.0,211692
2035,3,2,2006,2.71,2,2,rural,0,1,36.2,221704
2673,4,5,2007,2.48,3,1,downtown,0,0,33.2,680672
3018,6,5,1938,0.96,2,1,waterfront,0,0,42.3,631641
3583,4,3,1943,1.7,2,2,waterfront,1,0,11.6,1114099
3686,7,5,1920,0.48,2,1,waterfront,0,0,38.1,770453
3483,5,4,2009,2.32,2,2,downtown,1,1,35.2,751640
2880,5,4,1951,2.63,2,2,historic,0,0,16.2,710218
4682,6,5,1967,0.9,3,2,suburban,0,0,10.8,816924
914,1,1,2023,1.44,3,2,historic,0,0,17.1,277300
2026,2,3,1926,2.86,1,2,historic,1,0,7.9,648748
3964,7,5,1936,0.13,3,2,downtown,1,1,8.4,1113511
5433,7,5,1939,1.81,1,1,rural,1,1,25.2,570419
4401,7,5,1977,1.87,2,2,downtown,0,0,11.5,1168306
2660,5,4,1932,1.05,1,2,downtown,0,0,18.4,656889
840,1,1,1957,0.96,3,2,suburban,0,1,33.5,145424
2928,5,5,1929,0.73,0,1,suburban,1,1,7.3,548674
5052,7,5,1924,1.82,3,3,rural,1,1,7.6,723961
1709,2,1,1962,1.9,1,1,historic,0,0,15.5,348794
2501,3,4,1982,2.98,3,2,downtown,0,1,6.1,947127
5066,7,5,1967,1.27,1,1,downtown,1,1,11.4,1269858
622,1,2,1972,1.29,3,2,rural,1,0,34.2,106087
2978,3,3,1951,2.41,2,2,rural,0,0,14.7,369115
1194,2,1,1981,2.02,2,2,downtown,0,0,22.6,347213
1200,2,2,1927,0.75,0,2,newdev,0,0,7.0,258828
3332,6,5,1994,1.83,0,2,suburban,1,0,9.8,715180
2106,3,3,1955,2.56,2,2,historic,0,1,22.5,527096
810,1,2,1988,1.31,1,1,rural,0,0,31.3,93204
1184,1,2,1924,2.93,2,1,waterfront,0,0,38.9,378584
5458,7,5,1954,1.12,1,2,downtown,0,1,23.1,1119053
1247,3,4,2023,0.38,3,2,rural,1,1,11.6,275912
1558,2,1,2002,1.53,3,1,downtown,0,0,26.7,453509
3151,5,5,1935,1.66,0,1,historic,0,0,4.1,746168
5020,7,5,1946,1.81,3,1,newdev,0,0,23.4,914174
3871,7,5,2000,2.92,0,3,waterfront,0,0,17.9,1149075
1889,4,5,1963,0.36,3,2,newdev,1,0,39.1,333775
4020,5,4,1927,2.8,3,2,rural,0,0,34.4,393758
4138,6,5,1984,2.19,3,1,historic,0,0,44.1,618074
1359,3,4,2008,1.92,2,1,downtown,0,0,30.8,383210
1789,2,2,1932,0.38,2,2,rural,0,1,7.8,227747
1577,1,2,2003,1.27,2,2,newdev,0,0,1.3,416469
2450,5,5,2006,0.12,3,2,rural,0,1,21.9,300182
4956,7,5,2018,0.5,1,1,waterfront,0,1,17.9,1222097
1201,3,4,1963,2.21,2,2,waterfront,1,1,6.4,667799
5320,7,5,1966,0.77,0,1,newdev,1,0,33.4,761214
3067,4,3,1967,1.51,3,1,suburban,1,1,2.7,712909
2537,3,3,1970,0.79,0,2,downtown,0,0,29.3,481689
4113,6,5,1999,1.68,0,1,suburban,0,0,44.5,507819
836,1,1,1937,0.17,2,2,suburban,0,1,34.2,142133
5256,7,5,1996,1.16,0,2,newdev,0,1,2.4,1068499
952,1,1,1964,2.76,3,2,newdev,0,1,36.6,233517
5437,7,5,1960,0.93,2,3,rural,0,0,23.4,568505
5196,7,5,1990,1.83,2,3,rural,0,1,39.9,457168
2918,4,4,1971,0.56,1,2,newdev,0,0,6.0,596829
3937,6,5,1950,2.91,3,1,waterfront,0,1,24.6,1130044
849,1,1,1957,1.4,1,2,waterfront,0,0,9.3,337927
4728,7,5,1929,1.19,1,3,downtown,0,1,10.8,1171167
1338,2,2,2023,0.37,3,1,rural,1,0,17.1,222671
2313,2,3,1961,0.99,2,1,newdev,1,1,33.1,412743
3593,4,3,2007,2.45,3,2,downtown,0,1,6.0,1093779
4898,7,5,1988,1.25,2,3,waterfront,0,1,15.2,1359447
1608,3,2,1944,2.66,3,2,newdev,1,1,24.8,478286
1002,1,1,2015,2.11,3,3,downtown,0,0,38.6,294778
1421,3,2,1940,0.17,2,2,waterfront,0,0,8.9,473191
4524,6,5,1937,0.71,3,2,rural,0,0,39.2,350997
1692,2,1,2017,0.58,3,2,waterfront,0,1,7.9,561593
1906,2,3,1988,2.62,1,1,suburban,0,0,1.5,491321
1369,2,3,1920,0.29,1,1,suburban,0,1,6.7,303640
1178,2,3,1987,0.53,0,3,waterfront,0,1,38.9,258719
3289,5,5,1963,0.47,3,1,waterfront,0,1,25.8,835163
5114,7,5,1923,0.11,3,2,suburban,0,0,8.7,886350
4143,7,5,2019,0.54,1,2,waterfront,1,1,10.2,1284711
4747,7,5,1970,1.27,2,3,waterfront,0,1,0.7,1546993
5175,7,5,1950,1.2,0,2,historic,0,0,28.3,852595
2956,3,4,1924,1.96,2,3,downtown,0,1,12.5,800973
4158,6,5,1984,0.58,3,2,suburban,0,0,38.0,516572
927,1,2,1971,0.65,2,3,waterfront,0,1,32.9,274655
2916,5,5,1954,1.01,3,3,historic,0,0,23.8,618366
5275,7,5,2015,1.77,2,2,downtown,0,1,2.0,1532091
3180,5,4,1956,1.83,1,1,waterfront,1,1,10.1,1080580
5437,7,5,1932,0.48,1,3,historic,0,0,15.2,1036921
2961,5,5,1949,0.83,0,3,downtown,0,1,19.9,672729
1938,2,1,2024,1.82,2,2,rural,0,0,15.7,220403
4377,7,5,2009,1.53,1,1,suburban,1,1,3.1,893403
2976,3,3,1986,0.24,0,3,suburban,0,1,18.3,386678
4430,7,5,1996,1.66,2,2,downtown,0,1,31.1,899931
3768,5,5,1989,0.8,0,2,waterfront,0,0,18.1,938113
1577,1,2,1927,1.76,1,2,downtown,1,1,6.4,554087
3210,6,5,2007,1.57,2,2,waterfront,1,1,15.1,1088162
3536,5,5,1932,2.97,1,2,waterfront,1,1,0.8,1394608
3365,6,5,2023,1.64,1,2,newdev,0,1,3.7,821834
3734,6,5,1961,0.41,1,2,rural,0,0,34.8,312835
3025,4,3,2022,2.56,1,1,historic,1,1,1.3,864283
2511,4,4,1925,2.22,3,1,suburban,1,0,2.5,621307
2793,3,2,1985,1.96,0,1,downtown,0,0,24.6,578652
