Age,Income,LoanAmount,CreditScore,EmploymentYears,DebtToIncome,NumCreditLines,HomeOwnership,LoanPurpose,MonthlyPayment,Education,Approved
61,49184,78158,325,17,0.22,4,mortgage,medical,248.91,high_school,0
34,80990,380400,817,1,0.44,18,rent,car,1215.34,phd,1
38,21703,86516,463,27,0.29,7,rent,home,419.98,high_school,1
59,89342,488548,344,29,0.43,13,own,personal,1467.11,masters,1
60,114800,124484,496,4,0.08,10,own,car,604.29,high_school,1
44,62638,144973,679,22,0.2,3,mortgage,medical,508.68,bachelors,1
67,84175,490171,467,29,0.32,18,own,medical,12254.27,masters,1
41,125162,499356,574,4,0.2,19,mortgage,education,1439.07,bachelors,1
52,123712,134303,769,9,0.24,18,mortgage,education,433.24,phd,1
29,153569,456465,805,5,0.58,4,own,medical,1267.96,bachelors,1
48,176345,250392,365,24,0.32,17,rent,personal,695.53,high_school,1
55,89946,87920,648,7,0.26,15,own,medical,328.06,masters,1
32,153085,271161,408,19,0.64,20,own,car,2884.69,masters,1
54,20149,492115,631,31,0.06,12,rent,car,3645.3,high_school,1
57,40645,403774,387,31,0.62,18,own,car,1378.07,phd,1
59,130923,366689,516,34,0.58,7,mortgage,education,1032.93,phd,1
62,117889,134973,748,33,0.37,8,own,education,431.22,high_school,1
21,38610,21469,360,14,0.1,11,own,personal,139.41,bachelors,1
63,147248,495478,519,34,0.14,19,mortgage,business,1950.7,bachelors,1
27,132997,457899,662,27,0.34,2,mortgage,medical,10648.81,high_school,1
46,108946,286168,411,15,0.18,15,own,business,1858.23,bachelors,1
25,136164,288423,400,3,0.51,1,own,car,1311.01,bachelors,1
52,146185,91317,518,25,0.68,13,own,business,374.25,masters,1
67,165691,119137,798,9,0.18,2,mortgage,medical,692.66,high_school,1
24,33144,283463,788,32,0.69,6,own,personal,2649.19,high_school,1
36,125847,25836,422,15,0.46,20,own,business,178.18,masters,1
34,102361,357159,544,16,0.33,10,rent,education,22322.44,high_school,0
27,39204,74445,850,13,0.4,12,own,car,474.17,masters,1
31,134867,433397,609,33,0.06,18,rent,medical,5417.46,high_school,1
68,165024,115430,459,17,0.25,11,own,medical,427.52,masters,1
52,85829,439817,352,5,0.49,9,own,home,5638.68,masters,0
68,135824,44449,737,35,0.06,5,mortgage,home,143.38,masters,1
56,58821,196182,740,8,0.08,2,rent,car,555.76,bachelors,1
47,60515,430077,542,10,0.73,6,rent,home,2363.06,bachelors,1
47,85055,61673,573,10,0.6,13,own,business,540.99,bachelors,1
40,79662,213910,528,1,0.51,11,rent,home,1119.95,masters,0
62,153537,19470,709,34,0.28,4,rent,car,628.06,masters,1
67,102228,476599,746,32,0.13,19,own,education,2028.08,high_school,1
21,156293,353251,501,23,0.35,11,mortgage,education,2140.92,high_school,1
41,125486,225434,602,35,0.14,13,mortgage,medical,689.4,bachelors,1
57,98892,164317,715,35,0.63,10,own,business,657.27,masters,1
53,144042,353050,473,5,0.25,20,rent,home,991.71,bachelors,1
40,78888,133368,503,9,0.07,16,mortgage,home,595.39,phd,1
66,120657,348963,806,25,0.22,1,own,business,3421.21,bachelors,1
65,155779,486018,775,3,0.44,4,rent,car,1376.82,phd,1
41,136017,292242,816,27,0.63,15,own,medical,1207.61,phd,1
37,84812,130433,583,33,0.39,9,rent,home,988.13,masters,1
55,41122,368829,441,9,0.21,5,mortgage,car,1646.56,high_school,1
47,106738,441674,777,26,0.09,14,rent,personal,1443.38,high_school,1
43,98279,390159,699,26,0.43,18,mortgage,car,3146.44,phd,1
38,134251,355682,797,1,0.32,13,mortgage,car,4619.25,phd,1
46,175161,76145,327,5,0.5,15,own,home,369.64,masters,1
41,75485,466184,765,20,0.29,13,rent,business,8795.92,masters,1
24,111740,346707,529,4,0.6,2,own,car,15759.41,bachelors,1
60,59946,64973,544,8,0.38,19,own,business,324.87,masters,1
68,50024,18462,467,19,0.13,10,mortgage,medical,85.87,phd,1
66,71990,410002,377,15,0.12,10,mortgage,personal,1362.13,high_school,1
48,117142,11633,370,32,0.5,14,rent,home,59.05,phd,0
61,140517,278545,456,27,0.17,9,mortgage,personal,1114.18,phd,1
38,104490,241350,551,5,0.25,8,rent,personal,1311.68,phd,1
22,149579,191030,632,11,0.39,9,rent,education,645.37,masters,1
26,83270,130998,716,31,0.44,16,mortgage,medical,543.56,phd,1
22,44393,132561,601,14,0.33,10,mortgage,personal,521.89,masters,1
68,164281,147038,638,22,0.54,10,rent,car,1336.71,high_school,1
41,51340,392241,848,11,0.18,16,rent,medical,6226.05,masters,1
44,67039,71365,609,0,0.55,9,own,home,939.01,masters,0
61,148680,251099,405,0,0.45,16,rent,education,6607.87,bachelors,0
28,37129,335010,710,31,0.1,2,own,car,6091.09,masters,1
36,51051,204427,726,14,0.59,15,rent,education,1216.83,phd,1
68,46013,47565,512,13,0.24,6,own,car,517.01,high_school,1
21,127090,126360,761,30,0.25,10,mortgage,education,2632.5,phd,1
61,174609,122864,502,27,0.13,5,rent,car,2925.33,high_school,1
31,100638,366065,595,28,0.14,10,mortgage,business,1365.91,masters,1
59,30449,18560,742,20,0.47,3,own,medical,52.13,high_school,1
38,171059,346578,341,11,0.38,15,rent,car,1028.42,phd,1
51,111215,59840,718,21,0.27,6,rent,business,376.35,phd,1
63,124976,137329,337,29,0.11,11,own,business,394.62,high_school,1
24,69173,266353,830,23,0.49,15,own,car,909.05,masters,1
29,95505,335313,748,31,0.13,20,own,medical,1960.89,bachelors,1
26,78903,344586,416,29,0.71,5,rent,medical,1266.86,masters,0
66,91676,132785,725,30,0.74,15,mortgage,car,1218.21,phd,1
29,38300,417990,582,26,0.29,17,rent,home,2548.72,masters,1
58,172023,258934,801,9,0.36,12,rent,personal,1056.87,phd,1
65,82601,220364,692,14,0.65,2,rent,medical,1064.56,phd,1
45,59873,314424,807,2,0.14,11,own,business,1118.95,high_school,1
30,127473,143948,458,4,0.38,11,mortgage,medical,418.45,phd,0
26,106131,333623,846,24,0.72,16,mortgage,home,2527.45,high_school,1
35,43692,374041,744,6,0.58,4,rent,car,14386.19,masters,0
23,105032,230803,357,18,0.3,5,own,personal,766.79,phd,1
32,40701,310742,691,15,0.4,5,own,business,1258.06,masters,1
37,22463,87824,776,18,0.52,3,rent,education,259.07,masters,1
50,99199,60917,503,24,0.65,8,rent,personal,199.08,masters,1
39,97392,301709,322,25,0.24,2,mortgage,medical,1909.55,phd,1
43,77410,382974,494,16,0.52,5,mortgage,home,2252.79,high_school,0
49,28746,159722,673,8,0.11,11,mortgage,business,1401.07,bachelors,1
44,159159,139726,813,17,0.63,16,rent,medical,1996.09,masters,1
50,39739,384698,444,14,0.65,13,mortgage,education,1797.65,high_school,1
50,116622,497983,568,24,0.63,12,own,medical,1968.31,bachelors,1
22,167169,338134,635,14,0.5,15,mortgage,education,4762.45,phd,1
40,149138,286829,418,6,0.21,5,rent,business,807.97,masters,1
68,161608,348367,729,9,0.67,4,rent,personal,2247.53,phd,1
49,136574,364493,541,23,0.12,12,mortgage,medical,8476.58,masters,1
46,92320,437113,494,7,0.71,15,own,medical,1285.63,bachelors,0
24,107427,112586,549,8,0.6,3,mortgage,car,859.44,bachelors,0
42,58680,80858,302,17,0.65,5,mortgage,education,1189.09,bachelors,0
21,113911,144129,543,20,0.06,2,own,medical,512.91,phd,1
28,36661,274084,787,28,0.59,19,own,business,840.75,bachelors,1
63,156695,21331,608,29,0.5,2,rent,business,318.37,phd,1
52,136277,82769,375,5,0.28,3,own,education,399.85,masters,1
50,152527,64985,740,6,0.61,18,mortgage,car,267.43,phd,1
35,128478,387527,647,29,0.33,4,rent,business,1100.93,masters,1
64,144326,53879,368,5,0.63,14,own,medical,690.76,masters,1
56,35723,463021,637,7,0.34,14,mortgage,home,1451.48,masters,1
53,75768,61737,458,30,0.21,12,mortgage,education,400.89,high_school,1
57,79286,434091,739,35,0.73,20,mortgage,medical,1343.93,high_school,1
38,27589,166996,484,17,0.54,11,rent,home,1964.66,bachelors,0
57,125063,21073,371,9,0.57,3,mortgage,personal,103.3,bachelors,0
44,101693,86568,632,5,0.67,6,mortgage,home,573.3,high_school,1
49,131152,118020,797,28,0.34,17,own,education,1735.59,phd,1
52,158132,319218,615,2,0.2,2,own,car,2660.15,masters,1
29,86982,265773,596,20,0.13,14,own,car,935.82,phd,1
63,112842,27178,373,25,0.65,14,own,business,158.01,high_school,1
57,132534,217353,714,26,0.25,1,rent,car,1103.31,phd,1
36,134209,461405,710,33,0.11,10,mortgage,education,2535.19,bachelors,1
31,40022,106661,822,7,0.42,12,rent,medical,808.04,bachelors,1
32,177915,410194,456,4,0.17,16,rent,personal,1139.43,phd,1
57,104727,250849,623,9,0.36,15,mortgage,education,798.88,masters,1
40,141043,441048,762,2,0.09,10,own,medical,1352.91,high_school,1
59,152924,420140,693,29,0.46,2,rent,personal,2387.16,bachelors,1
24,138101,49212,405,21,0.74,17,mortgage,car,356.61,high_school,0
66,134755,88228,749,33,0.42,12,rent,education,399.22,phd,1
24,107726,360666,367,21,0.12,13,rent,education,1981.68,bachelors,0
26,172761,348961,444,22,0.27,13,own,personal,2052.71,high_school,1
42,53500,226986,839,5,0.5,17,rent,home,1335.21,masters,1
32,76149,77123,649,31,0.18,5,own,education,284.59,high_school,1
54,29895,85872,644,8,0.47,6,own,medical,363.86,bachelors,0
23,127704,325127,673,15,0.73,10,mortgage,business,1140.8,bachelors,1
51,70860,152729,676,28,0.37,13,mortgage,personal,1624.78,phd,1
33,178508,256967,441,16,0.09,12,mortgage,home,1636.73,high_school,1
49,154572,482366,450,27,0.11,8,rent,education,2153.42,high_school,1
24,123928,47784,814,23,0.22,12,own,home,770.71,masters,1
30,56070,252702,339,18,0.69,5,mortgage,business,772.79,phd,0
21,40768,83391,319,16,0.2,18,mortgage,personal,1226.34,phd,0
28,32517,331532,544,26,0.5,15,own,home,1045.84,phd,1
55,24308,157710,827,15,0.55,14,own,personal,1168.22,masters,1
63,42443,280806,836,23,0.1,18,mortgage,personal,1330.83,high_school,1
51,31412,13515,696,23,0.23,12,own,education,38.84,bachelors,1
68,107167,182496,436,2,0.3,6,mortgage,business,544.76,phd,0
32,55350,110691,364,29,0.08,2,own,home,651.12,masters,0
55,144098,105193,559,2,0.58,10,rent,home,696.64,masters,0
28,116474,474047,747,25,0.57,13,rent,car,1782.13,phd,1
38,41656,436143,734,5,0.35,6,mortgage,education,6814.73,masters,1
26,105962,381262,602,19,0.36,14,own,medical,1996.14,phd,1
43,134017,339240,581,3,0.1,13,rent,personal,12564.44,bachelors,1
30,179271,128729,748,2,0.14,12,rent,business,401.02,high_school,1
44,117521,282589,754,4,0.45,12,rent,education,2033.01,masters,1
28,26793,483959,490,31,0.41,18,own,education,2016.5,masters,1
65,148765,43824,504,7,0.15,15,own,medical,782.57,phd,1
64,103778,157233,655,4,0.43,10,own,medical,798.14,bachelors,1
33,56405,295466,542,31,0.07,19,rent,business,909.13,bachelors,1
26,37235,381894,616,25,0.75,16,mortgage,business,1248.02,phd,1
62,39441,185624,760,29,0.53,5,mortgage,medical,2379.79,bachelors,1
48,151822,164448,356,7,0.41,6,own,education,870.1,bachelors,1
39,40672,293799,556,12,0.49,9,own,medical,901.22,masters,1
55,44491,309425,814,10,0.46,5,own,medical,1031.42,masters,1
26,31917,223411,571,13,0.59,20,mortgage,home,670.9,phd,1
55,95935,428283,609,30,0.22,13,rent,business,10197.21,high_school,1
50,73483,381629,648,9,0.27,11,mortgage,education,4892.68,phd,1
44,154998,69236,408,20,0.22,9,rent,car,1135.02,bachelors,1
60,129611,494554,554,10,0.62,19,mortgage,education,5317.78,bachelors,1
52,154932,265765,778,31,0.67,1,own,business,1968.63,phd,1
24,93755,9287,806,30,0.25,4,rent,car,46.67,masters,1
46,115928,299553,346,25,0.09,7,rent,personal,6113.33,masters,1
56,93327,211518,421,8,0.73,12,rent,personal,2488.45,masters,0
33,177932,28752,821,25,0.4,2,own,medical,113.2,masters,1
53,56642,328223,635,20,0.16,10,mortgage,education,1094.08,phd,1
40,144490,62464,317,23,0.28,14,mortgage,education,197.05,high_school,0
58,171423,94397,533,3,0.46,17,mortgage,medical,1085.02,phd,1
64,83490,236231,332,7,0.18,11,rent,car,2036.47,phd,0
51,36326,175419,441,33,0.2,16,mortgage,business,1754.19,masters,1
50,159756,409744,650,34,0.3,9,mortgage,business,2969.16,bachelors,1
40,95760,187873,512,31,0.27,18,mortgage,education,2538.82,masters,1
57,162394,410308,688,25,0.62,5,rent,home,7890.54,masters,1
37,145587,147151,519,12,0.63,18,mortgage,education,2196.28,bachelors,1
60,173834,479577,545,15,0.09,17,own,medical,12620.45,bachelors,1
51,46357,492115,440,0,0.73,6,rent,medical,1922.32,phd,0
62,72286,36018,594,20,0.25,3,mortgage,personal,126.38,bachelors,1
23,65892,24052,727,11,0.7,13,rent,car,775.87,masters,0
21,98221,341232,409,21,0.25,18,mortgage,business,1263.82,bachelors,1
28,106686,381752,466,29,0.5,6,own,medical,2342.04,masters,1
57,70636,275155,479,25,0.63,11,own,business,2595.8,high_school,1
36,21790,400185,567,24,0.21,9,rent,education,2759.9,high_school,1
62,114254,249001,541,3,0.52,10,own,business,3458.35,masters,0
44,77894,243539,524,8,0.38,20,rent,business,848.57,phd,0
63,77255,281914,553,5,0.42,12,own,personal,6556.14,high_school,1
33,170130,452996,849,9,0.17,17,rent,home,1461.28,bachelors,1
52,43839,242729,822,28,0.62,5,mortgage,business,809.1,phd,1
40,25706,396016,705,16,0.62,7,mortgage,home,1736.91,high_school,1
43,36714,252501,361,4,0.74,2,rent,business,3117.3,bachelors,0
62,130195,485832,683,24,0.36,13,rent,home,1404.14,bachelors,1
43,51098,71766,482,34,0.33,8,own,home,288.22,masters,1
55,119425,86328,535,15,0.37,9,own,medical,3083.14,high_school,1
63,129901,57898,316,15,0.19,20,own,business,422.61,high_school,1
35,161494,156657,522,3,0.15,8,mortgage,personal,510.28,masters,1
59,104060,351141,542,19,0.66,17,own,business,2310.14,masters,1
68,65910,185572,737,35,0.4,13,mortgage,education,839.69,phd,1
30,98613,253260,685,11,0.58,8,own,education,1017.11,bachelors,1
47,166089,138691,842,8,0.32,7,rent,medical,573.1,high_school,1
44,44238,202744,848,12,0.09,20,mortgage,home,1877.26,high_school,1
63,166499,480546,522,30,0.2,11,rent,home,4408.68,bachelors,1
68,50753,373977,790,15,0.54,7,rent,car,2397.29,masters,1
43,100851,265716,567,23,0.41,15,own,medical,1518.38,phd,1
34,117178,458029,620,26,0.08,8,mortgage,car,3158.82,high_school,1
67,129465,125596,602,9,0.19,13,mortgage,car,428.66,phd,1
62,108490,341432,563,31,0.73,16,rent,car,3484.0,masters,1
32,162117,448913,360,33,0.07,3,mortgage,home,2013.06,high_school,1
29,80668,270149,369,9,0.06,15,rent,home,774.07,phd,1
56,127829,149043,312,1,0.42,18,rent,home,1447.02,phd,0
27,45248,329943,836,9,0.22,17,rent,education,1534.62,masters,1
50,168111,439143,549,14,0.26,3,mortgage,medical,7443.1,high_school,1
46,119421,338839,686,35,0.38,1,mortgage,car,1269.06,high_school,1
42,168335,125463,397,33,0.69,7,mortgage,personal,836.42,phd,0
23,39489,22250,587,34,0.44,6,rent,home,71.31,bachelors,1
46,40168,302111,606,10,0.44,13,mortgage,personal,1452.46,masters,1
68,56687,186329,380,32,0.57,2,own,business,3726.58,bachelors,1
59,123993,415804,634,1,0.49,15,rent,car,1409.51,masters,1
45,133206,329332,490,24,0.11,10,own,medical,6098.74,high_school,1
61,60442,52983,698,20,0.3,1,rent,business,353.22,masters,1
27,54735,297020,389,11,0.35,18,mortgage,business,11880.8,high_school,1
59,176773,221955,632,24,0.06,13,own,medical,730.12,bachelors,1
54,64455,162879,689,10,0.15,9,rent,car,1679.16,high_school,1
51,40164,382958,669,16,0.71,16,mortgage,personal,1556.74,bachelors,1
27,55517,179177,611,0,0.71,20,rent,education,979.11,phd,0
62,175816,369533,439,19,0.27,7,rent,education,1718.76,bachelors,1
41,96401,151958,802,15,0.28,13,rent,home,482.41,bachelors,1
56,27055,157741,772,13,0.36,3,rent,medical,1900.49,phd,1
61,99385,379989,547,16,0.51,14,rent,home,1194.93,phd,0
53,129655,430877,337,23,0.54,18,mortgage,medical,6431.0,high_school,1
36,113063,343182,470,2,0.44,13,rent,business,20187.18,high_school,1
68,155999,247778,526,28,0.31,19,mortgage,personal,1317.97,bachelors,1
22,146555,50012,407,18,0.34,4,mortgage,car,292.47,masters,1
54,146596,383532,656,30,0.12,15,rent,home,11280.35,masters,1
66,50168,360016,323,21,0.5,6,mortgage,car,1224.54,bachelors,1
50,80779,349618,714,11,0.18,14,rent,home,1444.7,bachelors,1
58,132604,112890,698,0,0.54,9,mortgage,home,394.72,high_school,1
50,49872,340076,568,31,0.42,11,mortgage,business,1089.99,phd,1
28,111206,431633,660,29,0.48,10,mortgage,personal,1212.45,high_school,1
40,50657,272819,487,23,0.54,13,rent,personal,891.57,bachelors,1
45,130897,368558,490,31,0.49,6,mortgage,car,2317.97,phd,1
49,34053,107303,667,0,0.39,13,mortgage,personal,485.53,phd,1
64,148902,48343,725,28,0.39,19,own,car,1726.54,masters,1
31,139884,305267,807,35,0.41,4,rent,personal,1056.29,masters,1
23,135701,440196,523,27,0.12,8,rent,home,3015.04,phd,1
49,50772,313241,542,13,0.62,12,mortgage,personal,3262.93,phd,1
60,56499,303883,511,13,0.61,12,mortgage,education,1716.85,bachelors,1
57,90082,398265,826,6,0.14,14,own,education,5041.33,bachelors,1
36,58336,359541,629,15,0.58,13,rent,car,1079.7,masters,0
61,44404,369224,712,32,0.57,12,rent,business,1194.9,masters,1
21,44416,422164,769,22,0.65,18,rent,car,3518.03,phd,1
39,108540,473794,433,31,0.6,2,own,home,23689.7,phd,1
28,61414,229290,751,29,0.05,7,mortgage,car,2465.48,masters,1
26,114485,478851,556,5,0.31,6,own,business,3655.35,masters,1
48,43907,45862,397,0,0.2,5,mortgage,car,2866.38,phd,0
28,130707,205838,435,30,0.1,3,mortgage,home,1196.73,high_school,1
44,98447,399871,440,24,0.59,5,mortgage,medical,8507.89,bachelors,1
62,63022,334294,750,22,0.56,5,rent,personal,2717.84,phd,1
26,46336,206343,443,7,0.46,12,rent,education,1495.24,bachelors,0
56,177548,350194,591,1,0.64,10,own,personal,1651.86,bachelors,1
39,34304,131396,545,31,0.32,16,mortgage,personal,465.94,high_school,1
44,102961,302995,435,24,0.65,14,rent,personal,1197.61,bachelors,1
25,24375,25880,369,0,0.23,2,rent,personal,77.72,masters,0
48,125454,85048,384,34,0.43,9,own,education,311.53,high_school,1
34,60731,337552,849,20,0.32,3,rent,medical,2519.04,phd,1
48,50405,393861,764,3,0.27,6,own,home,23168.29,bachelors,1
31,150131,436230,655,33,0.41,9,own,education,2927.72,bachelors,1
22,107821,142861,739,17,0.42,19,mortgage,home,583.11,phd,1
53,114404,92493,356,31,0.65,12,own,education,303.26,high_school,1
68,153385,11442,302,2,0.65,8,own,business,55.01,masters,0
30,66913,379352,336,35,0.61,14,own,education,1686.01,bachelors,1
25,169824,477876,681,7,0.4,2,own,car,2202.19,high_school,1
25,141921,294979,589,19,0.28,15,own,education,1832.17,bachelors,1
60,83591,263663,775,23,0.46,7,mortgage,personal,2962.51,bachelors,1
21,127488,338416,324,14,0.43,1,rent,home,2002.46,phd,1
36,130052,79644,803,3,0.73,9,own,home,286.49,bachelors,1
47,117646,269989,769,5,0.46,5,mortgage,business,857.11,high_school,1
29,82068,490512,598,16,0.65,13,mortgage,medical,2819.03,masters,1
49,91291,76361,539,4,0.71,19,own,car,795.43,high_school,0
28,160489,247927,666,13,0.37,9,own,home,1484.59,bachelors,1
66,178152,176858,341,13,0.64,5,own,medical,911.64,bachelors,1
40,88201,453057,478,1,0.72,15,mortgage,medical,7550.95,bachelors,0
50,46714,440354,443,7,0.06,8,own,car,2179.97,phd,1
26,172652,38801,565,4,0.07,7,mortgage,business,657.64,bachelors,0
42,52119,489511,343,29,0.09,19,rent,medical,1840.27,phd,1
32,112784,238838,519,11,0.24,5,own,personal,696.32,bachelors,1
39,150781,50991,721,35,0.39,9,rent,car,447.29,phd,1
36,162516,193278,319,24,0.6,16,mortgage,business,642.12,masters,0
53,104306,172183,697,17,0.18,20,own,home,4199.59,masters,1
43,173089,349386,538,10,0.12,8,rent,personal,2817.63,high_school,1
57,121822,315650,663,11,0.17,11,mortgage,medical,1005.25,masters,1
57,167746,429883,445,12,0.64,16,mortgage,education,1634.54,bachelors,1
23,43660,15448,357,14,0.47,17,rent,home,47.39,masters,0
66,66520,312552,631,3,0.07,5,own,personal,6378.61,masters,1
44,123703,76539,403,21,0.26,6,mortgage,business,222.5,phd,1
56,113539,389824,528,11,0.31,10,own,car,1278.11,high_school,1
46,168762,487889,333,11,0.47,20,own,medical,1834.17,high_school,1
36,110914,51517,627,10,0.5,11,rent,home,432.92,masters,1
36,37771,382704,658,16,0.6,1,own,business,1693.38,phd,1
52,119277,439533,659,34,0.31,16,mortgage,medical,4626.66,bachelors,1
49,39322,141906,334,18,0.06,4,own,education,695.62,bachelors,1
26,108591,347693,794,1,0.35,6,mortgage,business,8915.21,bachelors,1
27,106794,295514,510,12,0.34,18,rent,medical,1801.91,masters,1
57,164090,7000,802,9,0.09,14,own,education,61.4,phd,1
27,26746,47958,511,10,0.5,16,own,education,189.56,phd,0
26,162639,204987,696,11,0.31,12,own,business,1404.02,high_school,1
49,141912,300827,569,14,0.64,2,own,medical,5469.58,high_school,1
47,174593,207955,532,35,0.09,17,rent,personal,681.82,phd,1
36,144849,452710,606,5,0.33,2,mortgage,personal,6201.51,bachelors,1
31,75545,46087,497,8,0.08,14,own,medical,145.84,bachelors,1
37,103820,213328,368,5,0.32,18,rent,education,11851.56,phd,0
54,129994,302058,415,26,0.15,19,mortgage,home,1006.86,high_school,1
27,94997,143483,848,22,0.66,13,mortgage,business,4628.48,phd,1
60,179555,465826,711,2,0.33,11,mortgage,car,1826.77,high_school,1
38,117633,163888,320,21,0.62,10,rent,business,1280.38,high_school,1
49,104113,51812,575,26,0.47,7,rent,car,199.28,phd,1
54,118018,39402,357,32,0.6,10,mortgage,personal,486.44,phd,1
57,27588,110238,477,12,0.66,2,own,home,2979.41,phd,0
44,72195,269831,580,23,0.63,13,mortgage,home,1998.75,high_school,1
32,144408,473971,658,22,0.16,9,mortgage,medical,3018.92,high_school,1
22,121335,413855,350,10,0.65,7,own,medical,1156.02,bachelors,1
53,25256,344409,309,30,0.69,6,mortgage,home,2442.62,bachelors,1
59,100074,451476,581,27,0.68,12,rent,education,1805.9,bachelors,1
60,124111,352265,404,0,0.41,12,mortgage,medical,2147.96,masters,1
64,48338,149956,793,4,0.29,11,rent,education,1388.48,masters,1
24,177295,383160,713,20,0.53,1,mortgage,business,2660.83,masters,1
47,126063,304914,697,2,0.46,7,rent,medical,1069.87,bachelors,1
63,113977,445736,819,19,0.64,18,own,education,1761.8,high_school,1
29,87804,121524,487,21,0.51,12,own,medical,535.35,masters,1
37,173503,251696,601,29,0.65,2,mortgage,personal,994.85,high_school,1
33,151197,221587,422,24,0.42,2,own,car,1184.96,bachelors,1
50,57545,260632,623,11,0.6,11,mortgage,car,775.69,masters,1
24,21235,410558,762,17,0.2,6,mortgage,car,7202.77,phd,1
48,125747,24778,739,30,0.32,18,own,medical,1304.11,masters,1
41,159207,333564,495,1,0.52,8,own,medical,1950.67,masters,1
58,100246,161343,471,4,0.63,10,rent,medical,689.5,masters,0
64,55072,103789,650,31,0.3,6,rent,home,823.72,bachelors,1
67,25744,377826,816,10,0.14,2,rent,medical,1325.71,masters,1
60,32736,15350,349,6,0.51,2,mortgage,home,64.23,phd,0
51,60141,351902,510,0,0.26,4,mortgage,personal,1066.37,masters,1
59,55956,328851,728,6,0.41,4,rent,home,1236.28,high_school,1
37,157139,159849,506,22,0.54,6,own,personal,1354.65,phd,1
65,146003,357129,638,15,0.05,3,own,personal,4058.28,phd,1
25,46552,160200,562,14,0.37,9,rent,home,1586.14,high_school,1
23,96170,65765,668,20,0.35,4,own,home,187.36,bachelors,1
49,90335,100876,395,23,0.62,4,rent,business,668.05,phd,0
45,145369,369993,731,10,0.13,2,own,home,1178.32,phd,1
49,67516,457238,688,22,0.48,5,rent,business,2059.63,high_school,1
49,32051,11480,364,16,0.51,17,mortgage,personal,32.43,bachelors,1
65,44967,352975,743,15,0.39,13,own,personal,20763.24,high_school,1
62,61137,460824,817,30,0.65,6,own,business,3413.51,masters,1
53,78381,46329,687,25,0.62,15,rent,personal,812.79,phd,1
52,137196,395719,623,7,0.74,1,own,business,13190.63,phd,1
26,178388,348196,611,32,0.44,15,rent,education,2763.46,high_school,1
50,107024,64781,784,23,0.55,4,mortgage,car,348.28,high_school,1
39,163573,29000,834,23,0.54,6,rent,car,439.39,phd,1
37,71359,210990,492,7,0.7,7,rent,car,3149.1,masters,0
61,174353,313971,426,28,0.37,17,own,business,1109.44,high_school,1
68,32732,414511,743,30,0.7,6,mortgage,personal,5383.26,bachelors,1
59,104369,324288,816,24,0.34,8,rent,business,2001.78,masters,1
49,54962,469748,441,26,0.47,17,rent,medical,1592.37,masters,0
60,96173,345832,653,8,0.74,6,mortgage,personal,4870.87,masters,0
43,167398,473643,791,26,0.52,18,rent,business,1697.65,high_school,1
24,34838,89376,504,17,0.58,10,mortgage,education,2078.51,bachelors,1
65,97369,431784,508,34,0.07,15,own,personal,1258.85,bachelors,1
65,95402,418197,348,24,0.32,11,mortgage,home,2987.12,high_school,1
33,136146,291583,530,23,0.58,20,own,medical,1799.9,bachelors,0
25,69014,26304,477,32,0.13,14,rent,personal,337.23,masters,1
31,173088,377081,561,0,0.28,5,own,car,1189.53,masters,1
60,98945,416058,802,35,0.3,11,mortgage,car,1496.61,bachelors,1
25,152419,216506,463,26,0.43,3,rent,car,616.83,bachelors,1
34,159067,345420,786,35,0.63,1,own,medical,1439.25,masters,1
36,83917,422441,340,20,0.32,4,rent,education,17601.71,masters,1
44,154823,160416,820,28,0.39,7,rent,personal,2629.77,high_school,1
31,161026,115510,846,0,0.49,7,mortgage,business,987.26,high_school,1
68,134094,380845,373,9,0.07,11,own,home,9765.26,high_school,1
32,86036,218716,372,14,0.69,13,rent,medical,938.7,phd,0
28,160203,312027,306,4,0.58,2,mortgage,home,1159.95,masters,0
27,95978,490852,608,5,0.25,15,rent,business,1932.49,high_school,1
68,122496,470031,602,9,0.26,12,own,personal,6267.08,bachelors,1
23,21318,49630,703,34,0.43,10,own,medical,413.58,masters,1
53,57343,442648,464,11,0.2,9,own,home,1246.9,bachelors,1
57,34257,357156,772,35,0.1,3,rent,home,1155.84,bachelors,1
29,81481,476921,402,18,0.48,7,rent,business,2649.56,phd,1
60,100130,229556,456,23,0.62,6,own,education,1836.45,bachelors,1
38,114237,247665,437,21,0.66,15,rent,education,842.4,phd,0
27,66077,78401,383,17,0.65,18,own,education,1568.02,high_school,1
61,28177,294194,714,13,0.68,9,mortgage,personal,850.27,phd,0
30,115897,314120,701,14,0.67,10,own,business,1461.02,high_school,1
36,63474,98923,826,8,0.36,19,mortgage,medical,381.94,bachelors,1
43,30595,143599,524,31,0.21,12,own,home,518.41,bachelors,1
51,139182,174906,347,2,0.74,4,mortgage,personal,1197.99,masters,0
58,162698,196520,478,24,0.51,19,mortgage,home,963.33,masters,1
46,112510,470133,653,31,0.6,20,own,personal,1983.68,bachelors,1
31,80290,115895,378,32,0.5,5,own,car,362.17,masters,1
35,128688,256036,638,7,0.39,16,own,personal,746.46,bachelors,1
47,25884,315560,549,2,0.14,6,own,medical,1034.62,high_school,1
32,155434,386668,715,1,0.66,10,own,car,1200.83,phd,1
51,146266,320012,474,14,0.63,5,mortgage,car,3299.09,masters,1
50,176377,74317,370,14,0.31,4,own,car,844.51,phd,1
59,45244,319475,481,30,0.68,2,mortgage,personal,5414.83,high_school,0
59,161370,199184,301,27,0.42,2,mortgage,personal,1544.06,phd,1
51,119938,138440,658,6,0.35,16,own,home,435.35,masters,1
33,21433,8771,307,33,0.13,13,mortgage,car,39.69,masters,0
44,47940,137976,458,27,0.51,9,mortgage,business,424.54,masters,1
34,128325,295933,794,11,0.31,16,rent,education,1376.43,masters,1
68,56193,371640,421,14,0.36,6,own,car,2008.86,phd,1
64,33645,7773,464,24,0.73,3,own,business,136.37,phd,0
25,88967,24794,527,23,0.11,13,rent,personal,78.21,masters,1
32,149595,349396,749,0,0.19,17,rent,car,1098.73,high_school,1
53,155217,193607,537,10,0.52,8,mortgage,home,3457.27,bachelors,1
43,123584,391361,715,12,0.41,3,own,personal,1313.29,masters,1
58,111251,106987,655,17,0.21,15,rent,personal,737.84,high_school,1
56,38975,66346,815,18,0.29,17,rent,personal,278.76,masters,1
45,167631,411637,795,15,0.58,15,mortgage,business,1595.49,high_school,1
61,77771,190124,535,20,0.34,17,mortgage,home,1367.8,masters,1
39,44381,493319,708,21,0.1,6,rent,education,4010.72,masters,1
68,69851,131907,810,12,0.21,9,own,car,948.97,bachelors,1
60,113330,46150,459,6,0.13,16,mortgage,home,178.88,high_school,1
57,92019,485251,802,11,0.74,17,rent,business,1580.62,bachelors,1
29,34194,288518,838,27,0.38,2,mortgage,education,2856.61,phd,1
54,140604,115494,623,0,0.06,13,mortgage,home,586.26,masters,1
60,88078,146247,491,35,0.23,16,mortgage,education,1379.69,masters,1
65,117598,99313,673,25,0.25,19,own,personal,1576.4,bachelors,1
67,90765,204692,541,35,0.35,7,own,medical,805.87,bachelors,1
52,55250,416740,829,34,0.55,16,rent,education,1938.33,high_school,1
27,62819,254843,361,13,0.62,4,rent,medical,1757.54,masters,0
37,110214,459750,320,26,0.13,20,own,personal,2928.34,bachelors,1
43,105220,239320,822,31,0.59,3,rent,personal,961.12,masters,1
31,108444,42404,731,25,0.64,3,own,education,246.53,bachelors,1
41,96377,238254,573,25,0.24,12,mortgage,personal,1068.4,phd,1
29,81506,213166,557,5,0.2,4,own,home,730.02,phd,1
24,26911,48647,706,33,0.59,4,rent,personal,884.49,bachelors,1
40,80124,71276,553,18,0.36,5,mortgage,car,2457.79,high_school,0
63,113543,461601,633,30,0.38,18,rent,personal,5698.78,phd,1
32,174882,340296,767,27,0.42,18,rent,education,1181.58,phd,1
35,43476,141213,752,19,0.31,5,rent,home,506.14,high_school,1
43,95173,488439,780,34,0.06,16,rent,education,2105.34,high_school,1
39,176500,103865,536,0,0.43,14,mortgage,business,747.23,phd,1
45,119184,332849,525,16,0.11,8,mortgage,personal,2120.06,masters,1
62,159445,40894,575,26,0.18,6,own,education,120.99,high_school,1
65,148973,31021,492,20,0.06,18,own,car,198.85,high_school,1
38,52778,84001,748,0,0.21,1,rent,car,370.05,masters,1
44,141552,398514,332,21,0.11,5,own,education,8302.38,phd,1
55,143246,136113,485,12,0.68,13,own,home,651.26,bachelors,1
68,28784,54262,503,29,0.56,17,mortgage,car,257.17,phd,0
64,101817,27117,630,10,0.49,18,mortgage,home,105.1,masters,1
24,77091,175138,415,15,0.49,1,own,education,818.4,high_school,1
36,22340,86260,343,30,0.53,12,own,car,323.07,bachelors,1
61,35742,372697,361,22,0.5,18,own,car,2845.02,phd,1
41,166368,16195,655,28,0.56,13,rent,medical,115.68,bachelors,1
49,166544,104497,601,34,0.54,19,own,personal,590.38,masters,1
67,142786,283468,581,35,0.16,5,rent,education,980.86,masters,1
61,152633,329919,688,11,0.67,12,mortgage,car,7498.16,masters,1
63,161284,265859,696,12,0.42,18,own,personal,1502.03,masters,1
27,157153,73039,368,2,0.63,6,own,car,280.92,high_school,1
33,45887,280681,332,24,0.51,20,mortgage,personal,7585.97,masters,0
25,23430,441248,513,31,0.7,3,rent,medical,2251.27,high_school,1
56,129039,144363,677,3,0.63,17,own,medical,864.45,high_school,1
54,45459,104331,403,14,0.42,7,mortgage,medical,344.33,bachelors,0
61,66897,307285,725,6,0.59,12,mortgage,business,4727.46,phd,1
46,152302,319528,645,10,0.42,15,rent,education,1581.82,masters,1
47,132876,117159,631,15,0.44,13,mortgage,medical,597.75,masters,1
46,20051,276376,335,18,0.47,5,rent,home,2211.01,masters,0
34,102550,273053,322,17,0.69,18,mortgage,personal,4550.88,bachelors,1
29,89465,430236,675,15,0.21,10,own,personal,1419.92,phd,1
34,40237,437907,632,30,0.17,19,own,personal,14126.03,masters,1
26,34659,232700,642,22,0.67,14,own,car,692.56,high_school,1
61,120266,172413,355,19,0.42,18,mortgage,car,640.94,masters,1
64,122991,231458,756,32,0.11,10,rent,car,1257.92,bachelors,1
26,144742,49605,350,35,0.33,13,mortgage,business,612.41,bachelors,1
46,169770,390701,500,35,0.48,17,own,car,2639.87,high_school,1
48,104780,227057,391,7,0.52,12,rent,car,1207.75,masters,0
40,64369,235929,658,28,0.49,2,own,car,2592.63,masters,1
67,42495,330584,415,3,0.22,5,rent,home,4861.53,masters,0
42,74790,279342,850,13,0.19,9,mortgage,business,789.1,bachelors,1
22,118725,36514,839,2,0.23,10,own,medical,936.26,masters,1
25,121880,15002,577,23,0.65,10,mortgage,business,72.83,bachelors,1
53,46110,283690,623,31,0.66,3,own,car,948.8,phd,1
36,158783,395275,612,21,0.39,6,own,education,2048.06,masters,1
61,99253,37510,541,32,0.24,9,rent,home,295.35,masters,1
63,55982,360464,389,24,0.41,20,mortgage,medical,1602.06,bachelors,1
36,170181,481963,456,27,0.73,20,rent,business,4119.34,bachelors,1
64,73034,476147,441,19,0.53,17,own,business,1372.18,bachelors,1
57,61431,382194,625,4,0.44,4,own,education,14155.33,bachelors,1
47,127807,435806,610,28,0.57,9,own,car,5516.53,high_school,1
32,26867,126064,573,14,0.47,1,rent,home,1575.8,phd,0
66,118031,77096,488,24,0.39,6,own,car,348.85,high_school,1
21,90741,111343,722,14,0.57,7,own,car,340.5,phd,1
50,84692,323730,737,25,0.59,13,mortgage,education,996.09,phd,1
68,169929,374157,849,33,0.5,2,mortgage,home,1527.17,phd,1
36,155974,25579,850,25,0.74,18,rent,personal,234.67,high_school,1
39,135226,154901,707,19,0.59,15,own,business,476.62,masters,1
30,141524,64334,762,5,0.56,6,mortgage,medical,302.04,bachelors,1
47,104793,314495,761,1,0.18,7,rent,home,1776.81,masters,1
31,52386,337436,393,7,0.54,12,own,personal,1236.03,phd,0
60,61916,407789,687,35,0.32,6,rent,personal,4292.52,bachelors,1
66,33450,407983,729,19,0.27,15,rent,medical,5666.43,bachelors,1
29,73176,265900,303,16,0.06,16,mortgage,home,1999.25,phd,1
50,127518,8446,752,5,0.47,8,mortgage,education,228.27,bachelors,1
32,58864,452652,356,22,0.08,2,mortgage,personal,2500.84,masters,1
47,66726,367552,465,18,0.48,20,mortgage,personal,1500.21,bachelors,1
68,171772,161916,668,2,0.12,11,rent,business,703.98,high_school,1
51,55270,221928,424,17,0.28,17,own,medical,682.86,bachelors,1
24,48652,366053,841,5,0.39,20,mortgage,education,1133.29,phd,1
57,112760,336275,432,31,0.41,16,rent,car,2101.72,bachelors,1
33,20414,422717,421,1,0.38,4,mortgage,car,1895.59,phd,0
61,75663,138388,311,12,0.53,3,rent,education,9225.87,masters,0
28,107368,327957,649,25,0.56,1,own,car,1772.74,masters,1
51,29321,246496,439,30,0.16,18,rent,business,6162.4,phd,1
54,98471,114189,623,35,0.43,19,mortgage,education,2537.53,masters,1
22,108906,304358,684,34,0.64,20,rent,car,1800.93,high_school,1
66,102444,265599,332,17,0.34,8,rent,business,2177.04,masters,0
44,29802,18073,506,5,0.36,16,mortgage,car,97.17,bachelors,0
51,157265,462073,617,20,0.15,4,mortgage,medical,3949.34,bachelors,1
66,156929,28084,418,0,0.27,20,own,education,802.4,phd,1
27,156466,168652,619,1,0.45,7,rent,car,1067.42,bachelors,1
49,50841,65010,579,9,0.16,1,mortgage,personal,555.64,high_school,1
55,111833,374284,626,17,0.15,10,mortgage,car,7797.58,bachelors,1
55,136299,478585,351,8,0.07,2,own,business,8546.16,high_school,1
48,122738,168808,483,28,0.48,11,own,medical,675.23,high_school,1
65,142755,342860,399,29,0.27,15,rent,car,4033.65,bachelors,1
60,87646,485910,672,25,0.18,11,rent,business,17996.67,phd,1
51,140911,321900,474,18,0.59,19,own,personal,1469.86,high_school,1
66,48044,420462,633,35,0.5,10,mortgage,business,1339.05,phd,1
56,61686,114176,793,24,0.1,19,rent,business,393.71,masters,1
65,81906,378245,477,4,0.57,19,rent,home,2124.97,phd,0
32,100749,364403,715,4,0.47,20,rent,education,1065.51,phd,1
63,36117,470180,392,13,0.62,19,mortgage,home,1343.37,bachelors,0
45,171501,465023,757,12,0.19,11,rent,personal,1987.28,masters,1
66,110246,272609,391,0,0.48,13,own,education,1356.26,high_school,1
21,166808,458865,667,7,0.65,1,own,business,1382.12,phd,1
41,120346,115738,715,24,0.35,6,rent,car,391.01,bachelors,1
47,60440,42615,595,8,0.14,1,own,medical,122.46,phd,1
48,55592,223028,386,8,0.5,15,mortgage,personal,673.8,phd,0
56,137976,227702,693,22,0.21,20,own,personal,1712.05,phd,1
66,151525,307174,575,26,0.7,12,own,home,1535.87,phd,1
65,40988,398521,445,33,0.74,9,rent,personal,1428.39,high_school,1
60,43185,352989,551,30,0.49,3,mortgage,medical,1086.12,masters,1
21,142911,305923,764,32,0.68,11,rent,education,1912.02,masters,1
31,29260,253072,611,16,0.09,19,own,personal,727.22,high_school,1
60,27156,270077,593,31,0.11,3,rent,education,825.92,bachelors,1
38,92146,321576,563,0,0.57,6,mortgage,medical,921.42,bachelors,0
37,81917,456943,796,11,0.61,2,rent,home,1446.02,bachelors,1
30,150009,235783,722,24,0.22,6,own,personal,6045.72,masters,1
28,33768,163003,471,29,0.33,16,mortgage,personal,791.28,bachelors,0
64,122254,461276,785,16,0.15,14,own,education,2228.39,phd,1
64,30752,447624,399,34,0.5,14,mortgage,medical,2446.03,masters,0
38,90015,210077,400,16,0.51,15,mortgage,medical,590.1,bachelors,0
42,67164,9443,620,35,0.06,3,own,business,33.73,high_school,1
27,136901,137066,659,14,0.56,7,own,home,3343.07,high_school,1
34,177125,322029,424,7,0.11,5,rent,medical,4735.72,bachelors,1
65,68303,495829,559,18,0.38,3,mortgage,business,2155.78,masters,1
41,87459,37708,465,4,0.24,13,rent,education,261.86,high_school,0
37,66643,491846,751,4,0.39,7,mortgage,business,1438.15,bachelors,1
48,77248,59152,408,28,0.55,2,own,home,246.47,masters,1
22,150469,353444,452,0,0.7,13,rent,car,1667.19,masters,0
52,145341,414435,746,25,0.64,3,mortgage,car,1992.48,high_school,1
65,146370,193176,424,34,0.7,11,mortgage,education,4829.4,phd,0
26,115775,245983,847,21,0.11,10,mortgage,car,833.84,bachelors,1
23,120706,475003,495,19,0.54,4,mortgage,medical,1819.93,masters,1
68,69666,382350,443,2,0.19,19,own,business,8689.77,phd,1
55,100669,430605,811,34,0.73,15,own,home,10765.12,masters,1
46,50982,360508,516,33,0.37,18,own,medical,7510.58,bachelors,1
23,57117,486306,800,1,0.38,20,own,car,25595.05,bachelors,1
40,45504,38532,767,10,0.63,4,own,business,875.73,bachelors,1
33,131728,363659,645,25,0.28,19,mortgage,car,3005.45,masters,1
42,36573,222660,423,17,0.15,6,mortgage,education,943.47,bachelors,0
36,172564,449264,341,8,0.12,20,rent,car,1721.32,high_school,1
26,175642,420362,590,26,0.54,16,mortgage,car,4945.44,bachelors,1
61,91027,496829,835,28,0.34,6,mortgage,medical,1567.28,high_school,1
26,98957,128542,656,26,0.05,7,own,personal,391.9,high_school,1
44,161485,333447,819,14,0.37,7,rent,home,4832.57,bachelors,1
51,150420,27604,480,10,0.52,2,mortgage,education,231.97,masters,0
48,85898,393191,642,29,0.08,2,mortgage,car,15122.73,bachelors,1
36,136607,359865,633,26,0.19,11,own,home,2811.45,masters,1
27,82159,120690,722,12,0.31,3,rent,personal,3094.62,phd,1
60,139273,244987,482,24,0.31,7,mortgage,education,2130.32,masters,1
42,53347,63253,332,3,0.25,15,rent,business,338.25,bachelors,0
31,64547,278557,535,5,0.34,16,own,personal,1123.21,phd,1
38,23802,232671,738,15,0.22,19,own,personal,762.86,bachelors,1
23,30501,283460,781,32,0.07,13,rent,medical,1166.5,high_school,1
52,83048,368415,385,35,0.58,14,own,car,2260.21,masters,1
22,145772,454798,612,10,0.54,19,mortgage,personal,1863.93,high_school,1
50,56339,199207,715,11,0.6,15,mortgage,medical,598.22,high_school,1
42,159177,146447,333,18,0.35,20,mortgage,personal,2763.15,bachelors,1
60,108000,358712,356,32,0.71,12,own,home,1802.57,phd,1
44,65945,112328,368,35,0.55,5,rent,car,326.53,high_school,0
51,172074,475775,514,14,0.27,9,mortgage,medical,3109.64,phd,1
49,147461,251501,813,33,0.63,18,mortgage,personal,1034.98,masters,1
60,116507,245057,367,12,0.67,3,own,business,1541.24,bachelors,1
31,92336,463748,414,9,0.4,7,mortgage,medical,2862.64,high_school,0
47,161933,237710,435,30,0.29,1,rent,car,10335.22,high_school,1
54,108048,417522,721,21,0.51,11,rent,personal,1697.24,phd,1
40,168701,141318,435,19,0.17,8,rent,education,3925.5,masters,1
31,62150,96938,848,18,0.18,5,own,car,2937.52,high_school,1
41,170608,101729,429,28,0.23,7,mortgage,medical,289.0,high_school,1
44,137552,487572,466,34,0.26,1,rent,business,1982.0,bachelors,1
41,60908,178686,304,34,0.73,10,rent,education,593.64,bachelors,0
42,49442,293861,790,2,0.15,4,rent,home,895.92,phd,0
35,136909,323846,665,5,0.28,7,mortgage,personal,2102.9,bachelors,1
49,42905,171596,824,25,0.19,20,mortgage,personal,486.11,high_school,1
44,124217,200470,451,27,0.31,1,rent,education,1186.21,masters,1
26,76543,156327,754,26,0.61,6,mortgage,business,1883.46,phd,1
58,176745,253833,388,9,0.2,17,rent,home,4453.21,phd,1
38,128662,302751,479,35,0.37,5,own,car,1892.19,phd,1
56,148604,164338,343,19,0.63,16,mortgage,medical,1304.27,phd,1
37,98687,473024,783,7,0.51,10,rent,car,1383.11,phd,1
36,27456,39983,422,17,0.4,20,mortgage,education,132.83,phd,0
64,144791,306603,422,23,0.41,1,rent,car,3565.15,high_school,1
41,140859,147957,438,22,0.16,12,rent,medical,4109.92,masters,1
25,154707,318923,498,11,0.59,6,mortgage,education,1921.22,masters,1
38,115033,436654,398,34,0.46,5,own,car,2161.65,masters,1
31,46848,440984,523,9,0.4,7,mortgage,personal,1959.93,high_school,0
50,40027,256405,419,8,0.7,12,rent,medical,3089.22,masters,0
59,157133,20078,650,11,0.55,4,own,car,156.86,bachelors,1
40,52858,227720,514,8,0.74,4,own,home,981.55,phd,1
63,154605,137651,360,30,0.13,2,own,education,2256.57,high_school,1
28,177756,189304,510,12,0.18,1,own,car,614.62,masters,1
53,83392,308108,817,4,0.12,1,mortgage,car,1975.05,bachelors,1
31,160804,487595,304,6,0.7,17,mortgage,business,1557.81,masters,0
27,67408,274615,663,24,0.35,8,rent,home,3661.53,masters,1
50,48918,194399,832,8,0.4,10,mortgage,medical,3599.98,high_school,1
39,139785,218533,619,28,0.21,10,rent,car,856.99,high_school,1
64,116322,262765,483,0,0.75,4,rent,business,3599.52,high_school,0
58,46665,109378,472,4,0.3,11,own,personal,1478.08,phd,1
35,131333,406590,811,17,0.59,19,mortgage,education,2095.82,phd,1
46,147017,243359,823,17,0.15,4,own,education,914.88,phd,1
35,55286,440322,330,6,0.57,3,rent,medical,4274.97,high_school,0
30,99364,277602,398,4,0.51,16,rent,car,793.15,masters,0
52,148516,429401,816,16,0.43,18,mortgage,home,1850.87,high_school,1
49,102459,22227,685,28,0.37,6,mortgage,medical,231.53,masters,1
52,132900,260566,437,19,0.55,4,mortgage,medical,746.61,phd,0
51,144757,143092,460,32,0.09,16,mortgage,business,911.41,masters,1
41,36101,197104,328,2,0.14,12,mortgage,personal,593.69,high_school,0
43,113681,133046,721,22,0.09,8,own,medical,422.37,masters,1
26,37170,15334,612,7,0.29,18,rent,home,44.06,phd,1
47,89892,170944,320,30,0.46,13,mortgage,business,560.47,masters,0
27,148020,268595,402,13,0.29,11,own,personal,1356.54,masters,1
61,39744,29920,848,13,0.25,10,mortgage,business,90.39,bachelors,1
68,44106,301971,397,21,0.24,17,rent,business,1597.73,bachelors,1
40,152288,169287,607,27,0.51,7,rent,business,511.44,masters,1
53,138811,275650,484,1,0.49,6,mortgage,business,787.57,bachelors,1
50,90237,385955,845,27,0.7,2,mortgage,car,1556.27,masters,1
30,83012,220094,454,19,0.64,11,own,medical,986.97,bachelors,1
31,87225,83623,541,25,0.22,7,own,car,335.84,masters,1
52,166754,24400,746,27,0.5,7,own,education,938.46,bachelors,1
63,164364,259721,480,2,0.72,1,own,home,811.63,masters,1
40,36667,469372,716,23,0.52,3,rent,medical,3555.85,bachelors,1
28,156828,52316,837,16,0.4,8,mortgage,home,290.64,masters,1
58,122223,61001,541,27,0.2,6,own,education,276.02,phd,1
52,159845,227183,683,7,0.27,16,mortgage,car,2641.66,masters,1
44,144576,479600,676,19,0.06,20,own,medical,1350.99,high_school,1
40,115120,454654,424,34,0.66,15,rent,home,3201.79,phd,1
40,43658,471745,541,19,0.2,6,rent,medical,1383.42,masters,1
26,148894,179442,782,26,0.7,14,own,car,662.15,masters,1
25,112237,242639,730,35,0.57,1,own,medical,726.46,bachelors,1
21,125031,48113,504,19,0.27,4,own,car,152.26,bachelors,1
64,127561,390441,627,28,0.38,5,rent,car,2502.83,masters,1
32,123152,17042,686,14,0.06,18,mortgage,personal,298.98,bachelors,1
50,71974,329012,568,10,0.08,14,mortgage,education,5772.14,bachelors,1
57,50762,487339,314,33,0.35,15,mortgage,business,3867.77,high_school,0
66,73253,264086,495,17,0.25,13,own,business,827.86,bachelors,1
67,69640,81516,728,11,0.34,1,rent,education,248.52,bachelors,1
49,85095,250829,678,29,0.11,5,rent,medical,2090.24,phd,1
68,176551,35803,562,4,0.12,2,rent,car,185.51,phd,1
59,176822,329879,346,0,0.23,13,rent,business,4175.68,masters,1
58,67021,492759,566,10,0.4,11,rent,car,2831.95,high_school,1
66,159047,169243,743,9,0.23,2,own,business,863.48,masters,1
37,89142,91499,829,20,0.36,11,mortgage,business,309.12,bachelors,1
63,135340,125513,354,12,0.15,6,own,business,1321.19,masters,1
52,30693,299049,752,22,0.74,16,rent,business,3437.34,high_school,1
28,111646,99715,395,13,0.66,6,mortgage,personal,332.38,masters,1
58,21081,45283,838,11,0.34,8,rent,medical,251.57,high_school,1
22,94522,492141,424,25,0.31,4,rent,car,9285.68,high_school,0
51,139027,27988,575,0,0.28,20,rent,education,233.23,bachelors,1
24,94174,291867,630,3,0.57,20,rent,home,2055.4,phd,1
46,43380,413678,321,13,0.16,13,rent,medical,5666.82,bachelors,1
40,148672,321414,742,19,0.68,5,rent,medical,1607.07,high_school,1
45,144895,226530,574,27,0.11,12,mortgage,car,678.23,phd,1
48,44365,248020,341,32,0.29,8,mortgage,medical,935.92,bachelors,0
26,96206,425240,779,27,0.11,16,rent,car,2577.21,bachelors,1
36,157125,293879,737,18,0.45,3,own,personal,1076.48,high_school,1
63,169023,47870,559,22,0.23,17,own,home,464.76,phd,1
32,123011,374297,346,5,0.34,10,rent,personal,1054.36,phd,0
42,69071,321697,516,11,0.1,9,mortgage,home,1128.76,phd,1
22,21532,348828,704,7,0.06,16,rent,medical,1002.38,phd,1
52,99377,50946,669,25,0.61,5,own,home,738.35,bachelors,1
22,69341,81102,327,13,0.39,8,rent,medical,1448.25,bachelors,0
51,130593,84913,322,7,0.17,15,rent,business,350.88,high_school,1
58,83603,442171,506,18,0.45,13,own,education,6908.92,high_school,1
47,149945,259856,597,2,0.39,17,mortgage,medical,1998.89,phd,0
66,35913,170596,840,1,0.35,18,own,education,671.64,phd,1
62,110902,156000,759,27,0.06,7,rent,education,1200.0,phd,1
53,77593,158822,647,29,0.14,13,rent,medical,627.75,masters,1
60,74318,72683,589,5,0.52,6,own,car,1153.7,phd,0
47,149427,29667,610,15,0.2,1,rent,education,82.87,masters,1
53,28380,328780,365,21,0.35,8,own,personal,1259.69,bachelors,1
37,109213,297040,663,2,0.59,9,own,medical,8028.11,high_school,1
50,49079,27004,408,6,0.63,17,own,car,230.8,high_school,0
44,61165,266300,599,28,0.58,4,own,medical,1455.19,masters,1
33,135109,429225,725,0,0.22,16,rent,education,7804.09,bachelors,1
38,117631,133687,724,23,0.49,5,mortgage,business,1630.33,bachelors,1
47,140259,237038,828,23,0.71,5,own,medical,4309.78,high_school,1
42,102524,211184,711,10,0.35,2,mortgage,medical,690.14,bachelors,1
66,156256,361972,602,26,0.33,18,rent,medical,1925.38,masters,1
21,93342,238931,840,9,0.54,7,mortgage,personal,1270.91,phd,1
46,71719,180370,608,5,0.08,13,mortgage,medical,648.81,bachelors,0
55,94429,168710,518,5,0.41,17,rent,medical,7335.22,bachelors,1
58,87814,269909,547,19,0.56,4,mortgage,home,1874.37,masters,1
61,153037,346291,662,7,0.08,4,rent,education,1419.23,high_school,1
68,172461,154178,846,14,0.3,19,mortgage,car,554.6,phd,1
68,84915,105954,407,20,0.41,12,rent,home,462.68,bachelors,1
24,131381,45932,433,30,0.2,12,mortgage,personal,146.75,phd,1
56,156038,338688,704,16,0.46,14,rent,medical,1505.28,phd,1
29,147078,274056,768,8,0.73,17,own,medical,1118.6,bachelors,1
51,28547,67267,460,35,0.31,20,rent,home,334.66,high_school,1
30,50865,163995,680,19,0.74,10,rent,home,1952.32,bachelors,1
58,130561,118026,349,19,0.67,6,mortgage,business,1594.95,high_school,0
23,129464,477009,792,19,0.45,11,rent,business,5817.18,bachelors,1
53,140831,386610,760,28,0.15,11,own,personal,1841.0,phd,1
55,32011,459009,753,17,0.5,6,mortgage,home,1535.15,masters,1
62,52448,289077,387,12,0.72,19,own,personal,1133.64,bachelors,0
63,159423,112901,484,1,0.24,8,mortgage,personal,2052.75,phd,1
55,179083,262673,628,25,0.46,1,rent,business,1172.65,bachelors,1
45,87417,289048,393,7,0.74,6,rent,car,2035.55,bachelors,0
26,60429,35887,614,26,0.53,20,rent,car,875.29,high_school,1
30,128219,438974,631,16,0.31,4,own,car,1384.78,bachelors,1
58,81994,206876,804,32,0.58,4,rent,home,830.83,masters,1
22,126822,312323,539,1,0.24,4,own,personal,1870.2,bachelors,1
57,126626,267370,756,5,0.64,7,own,education,1951.61,bachelors,1
56,138421,439829,342,0,0.62,20,rent,medical,36652.42,bachelors,0
24,146402,204309,579,16,0.64,12,mortgage,car,5837.4,masters,1
25,98810,440420,391,25,0.54,5,mortgage,personal,1890.21,masters,1
34,152335,399628,625,21,0.49,15,rent,car,2148.54,masters,1
42,24161,7243,436,0,0.48,1,mortgage,car,24.47,phd,1
65,148182,464653,702,34,0.11,3,mortgage,home,1305.21,phd,1
45,177630,407635,666,24,0.17,1,own,business,3705.77,masters,1
49,22454,361806,526,1,0.58,12,own,home,2894.45,masters,0
44,29645,375654,587,31,0.68,20,own,home,1111.4,bachelors,1
46,49083,294294,584,32,0.4,7,mortgage,medical,6539.87,bachelors,0
29,88058,148826,533,33,0.56,7,mortgage,home,413.41,masters,1
56,138994,499442,302,27,0.5,2,rent,business,3285.8,phd,1
52,114757,122727,829,2,0.67,2,rent,business,709.4,phd,1
21,122723,304798,499,21,0.11,1,mortgage,car,6095.96,phd,1
42,101475,231465,364,6,0.07,1,mortgage,medical,1653.32,masters,0
36,48269,441478,784,15,0.72,2,rent,personal,9009.76,bachelors,1
27,137035,485622,427,5,0.73,2,rent,education,6306.78,high_school,0
24,135846,231408,356,19,0.48,3,own,medical,776.54,high_school,1
46,45121,417863,720,14,0.66,20,own,business,1678.16,phd,1
48,46549,177068,647,1,0.37,19,own,home,9837.11,high_school,1
33,170264,225728,429,32,0.23,16,mortgage,personal,2109.61,phd,1
36,56090,311458,345,3,0.14,14,mortgage,medical,1821.39,masters,0
30,58642,157601,780,19,0.47,12,own,personal,3843.93,bachelors,1
36,152935,110052,355,27,0.29,7,own,education,311.76,bachelors,1
50,177224,224516,639,21,0.48,11,own,home,6803.52,phd,1
52,77515,249599,303,14,0.54,20,own,car,1379.0,phd,1
46,68298,192635,306,23,0.06,1,mortgage,home,1203.97,bachelors,0
49,70961,109397,668,2,0.73,7,rent,car,749.29,bachelors,0
56,84478,446912,482,12,0.07,9,own,home,2169.48,bachelors,1
62,49089,130907,646,13,0.26,12,rent,medical,465.86,bachelors,1
48,37138,73574,421,9,0.67,7,own,personal,362.43,phd,0
41,177168,405074,739,15,0.69,20,mortgage,car,4603.11,masters,1
38,53150,47681,820,31,0.2,16,mortgage,personal,491.56,high_school,1
53,121742,248409,821,23,0.4,6,rent,medical,884.02,masters,1
52,144192,419514,574,25,0.5,19,mortgage,home,3383.18,bachelors,1
33,138510,227834,540,25,0.2,13,mortgage,car,1604.46,masters,1
26,97345,311164,755,33,0.3,2,rent,personal,1352.89,masters,1
49,142565,265855,742,26,0.31,11,rent,business,2581.12,high_school,1
25,114134,273850,384,18,0.64,18,mortgage,home,2139.45,masters,1
27,51087,110018,373,23,0.08,11,own,medical,785.84,masters,1
64,91949,399465,495,8,0.75,18,rent,home,2560.67,masters,1
43,125856,273774,715,0,0.38,5,rent,car,2300.62,bachelors,0
56,142876,169141,772,21,0.6,7,rent,medical,1421.35,phd,1
49,137957,463096,330,23,0.15,5,rent,medical,1734.44,high_school,1
42,79111,216481,729,27,0.53,18,rent,education,716.82,high_school,1
23,56473,423982,457,21,0.45,20,mortgage,personal,2048.22,phd,1
55,121301,303589,492,30,0.13,15,mortgage,education,3066.56,high_school,1
27,164941,321336,481,2,0.63,16,own,car,6836.94,bachelors,1
34,81089,35122,598,33,0.1,12,mortgage,home,196.21,bachelors,1
47,122525,224369,460,7,0.14,16,mortgage,home,1917.68,phd,1
48,144460,268441,462,19,0.46,15,rent,car,3158.13,high_school,1
49,36769,482260,708,15,0.42,19,rent,business,1576.01,phd,1
62,139618,436714,655,19,0.32,6,rent,car,1331.45,bachelors,1
67,133266,101177,768,24,0.69,19,own,business,755.05,high_school,1
61,160964,383750,598,4,0.54,7,rent,business,1918.75,high_school,1
25,47583,91423,816,20,0.34,9,own,personal,368.64,high_school,1
64,141085,453671,690,21,0.57,7,rent,home,3240.51,high_school,1
28,55777,40775,634,29,0.39,3,mortgage,medical,172.78,bachelors,1
31,64718,70091,318,6,0.17,18,mortgage,business,1374.33,bachelors,1
63,22938,98291,579,9,0.36,7,mortgage,home,412.99,bachelors,0
54,46946,318631,699,19,0.36,1,own,business,2292.31,bachelors,1
44,82531,19650,504,5,0.06,1,rent,car,158.47,high_school,1
63,64009,61457,471,2,0.34,11,rent,personal,185.67,bachelors,0
34,162004,117082,704,27,0.13,4,rent,education,6162.21,bachelors,1
45,75775,432339,769,14,0.1,9,mortgage,personal,12715.85,masters,1
25,77294,266921,720,19,0.59,4,mortgage,personal,1906.58,bachelors,1
61,121860,404358,436,21,0.17,11,mortgage,business,2209.61,high_school,1
22,179523,393924,759,24,0.41,8,mortgage,personal,3007.05,high_school,1
28,100962,329935,542,27,0.58,3,own,car,1235.71,masters,1
39,72956,24874,455,24,0.19,8,mortgage,personal,138.19,phd,1
23,156543,125067,724,18,0.58,11,rent,car,434.26,bachelors,1
24,85100,101230,527,24,0.42,15,mortgage,home,384.9,high_school,1
61,57101,315709,509,8,0.11,18,own,car,1372.65,high_school,1
67,142440,133411,618,10,0.56,14,own,personal,798.87,bachelors,1
61,72796,193524,578,30,0.11,13,rent,car,816.56,phd,1
48,152459,421053,743,9,0.62,16,own,business,7797.28,phd,1
59,160823,139894,456,35,0.56,13,rent,education,891.04,phd,0
45,167362,379794,792,4,0.28,16,own,car,27128.14,bachelors,1
67,118109,497980,803,25,0.7,13,mortgage,education,1900.69,phd,1
40,174221,488185,372,26,0.67,4,rent,personal,4398.06,bachelors,1
67,111377,198032,821,31,0.49,2,mortgage,business,1435.01,phd,1
36,145232,359641,335,23,0.49,1,mortgage,medical,2480.28,bachelors,0
30,86660,409211,553,10,0.06,3,mortgage,medical,1903.31,phd,0
66,173658,464279,382,33,0.69,14,own,business,2796.86,masters,1
45,173637,489610,615,26,0.58,3,own,medical,5760.12,masters,1
38,74925,93289,707,19,0.05,16,own,home,414.62,high_school,1
67,132970,374123,474,11,0.31,5,own,business,1390.79,bachelors,1
28,138138,398171,517,11,0.19,6,own,education,1680.05,phd,1
61,63548,70369,381,18,0.11,9,own,education,226.27,high_school,1
36,145277,144502,796,6,0.06,1,mortgage,personal,2368.89,high_school,1
45,178068,253109,832,17,0.7,11,mortgage,business,1259.25,masters,1
64,109935,353692,622,15,0.71,13,rent,personal,1823.15,high_school,1
21,139778,69432,711,8,0.07,17,rent,medical,347.16,bachelors,1
49,144570,6640,827,26,0.51,11,own,medical,189.71,masters,1
64,136472,326174,539,31,0.33,3,rent,business,934.6,phd,1
65,46333,378262,694,18,0.48,5,mortgage,personal,4912.49,high_school,1
64,163850,65648,778,10,0.68,16,mortgage,personal,482.71,bachelors,1
34,64677,380267,391,6,0.35,1,own,education,2453.34,phd,1
51,52269,262928,439,34,0.49,3,mortgage,education,859.24,bachelors,1
59,36952,394529,651,24,0.69,13,mortgage,medical,3011.67,phd,1
26,49198,496368,391,21,0.57,7,mortgage,home,6446.34,masters,1
41,119665,285810,301,19,0.09,7,rent,business,1443.48,masters,1
29,156249,287220,527,6,0.33,15,rent,car,2316.29,masters,0
52,139481,353835,450,18,0.15,2,mortgage,education,1315.37,masters,1
66,170463,374172,789,13,0.4,13,own,education,3144.3,bachelors,1
67,79001,386364,353,11,0.65,13,rent,medical,16798.43,bachelors,0
64,144104,281742,656,25,0.32,10,rent,medical,964.87,bachelors,1
46,45511,309288,434,20,0.58,2,mortgage,education,891.32,phd,1
65,146469,426715,598,9,0.2,7,mortgage,medical,2166.07,high_school,1
67,170911,228929,404,9,0.31,6,own,home,901.3,masters,1
53,108732,216809,744,9,0.49,8,own,home,1008.41,bachelors,1
52,99348,421979,476,24,0.59,3,rent,medical,2776.18,phd,1
21,51457,341283,419,5,0.14,17,own,home,2245.28,phd,1
65,44786,342954,485,24,0.39,14,rent,personal,5531.52,bachelors,0
55,68467,433585,715,1,0.33,18,mortgage,business,1565.29,high_school,1
58,161290,475602,427,13,0.73,4,own,personal,33971.57,bachelors,0
28,30261,51043,431,13,0.51,18,rent,home,680.57,high_school,0
53,98270,350065,672,34,0.17,1,own,education,1263.77,high_school,1
55,136633,279027,443,31,0.54,12,mortgage,personal,4500.44,bachelors,1
63,31727,162133,542,2,0.18,7,own,personal,516.35,bachelors,1
60,130628,205163,376,35,0.23,6,rent,business,1444.81,high_school,1
64,131501,335075,446,34,0.19,9,mortgage,medical,1658.79,bachelors,1
53,178582,170863,467,26,0.63,14,rent,home,3350.25,bachelors,1
38,52668,218270,844,7,0.53,3,rent,medical,1107.97,high_school,1
30,79183,121510,580,0,0.12,13,own,home,432.42,bachelors,1
67,100360,372240,801,6,0.42,19,rent,personal,1152.45,masters,1
41,122121,360368,485,22,0.61,18,mortgage,personal,1407.69,phd,1
58,53442,378934,565,0,0.53,5,mortgage,car,1848.46,bachelors,0
67,117032,100999,555,26,0.54,15,rent,business,660.12,masters,1
48,156470,50582,534,19,0.49,10,rent,education,150.54,high_school,1
26,63283,295539,358,5,0.57,16,own,business,1149.96,bachelors,1
52,155007,328111,845,7,0.33,7,mortgage,home,1151.27,phd,1
68,158441,358643,343,28,0.73,17,own,car,1802.23,high_school,1
29,154659,203754,661,3,0.35,6,rent,home,567.56,masters,1
28,96038,116707,606,30,0.26,1,mortgage,medical,948.84,phd,1
40,155142,449780,336,29,0.67,16,own,education,1375.47,high_school,1
27,21351,9647,658,11,0.33,4,rent,business,175.4,bachelors,1
54,154825,260544,457,26,0.14,1,own,medical,2051.53,masters,1
44,132287,61987,486,34,0.62,15,mortgage,business,746.83,bachelors,1
43,133760,376835,305,22,0.67,7,own,car,11776.09,masters,1
42,28285,353778,464,12,0.71,9,own,business,1207.43,phd,1
52,53406,489212,632,25,0.4,13,own,home,22236.91,high_school,1
21,81998,318045,353,21,0.35,1,rent,business,2038.75,masters,1
52,41656,387336,739,15,0.48,17,own,car,5533.37,masters,1
36,132501,429648,503,30,0.54,4,mortgage,medical,3978.22,bachelors,0
58,58987,25115,534,7,0.14,9,own,car,1195.95,phd,1
24,119707,337036,717,33,0.26,8,own,education,1311.42,phd,1
24,153657,146162,737,3,0.26,12,rent,education,1059.14,phd,1
23,20140,252494,353,20,0.2,9,mortgage,home,2382.02,phd,1
37,148787,55796,672,21,0.26,1,mortgage,personal,308.27,bachelors,1
68,174379,149675,841,23,0.22,7,mortgage,business,2267.8,high_school,1
29,177767,483243,423,2,0.46,7,own,medical,7794.24,phd,1
42,99030,85568,785,12,0.42,2,own,car,292.04,phd,1
66,86198,381085,655,23,0.36,4,rent,home,1686.22,phd,0
22,63761,301838,580,8,0.25,2,mortgage,car,1139.01,phd,1
64,159583,398597,825,4,0.17,17,rent,personal,1836.85,phd,1
21,61943,419526,523,0,0.67,17,rent,personal,2512.13,masters,0
35,97689,122403,574,35,0.13,2,mortgage,car,3825.09,masters,1
38,54857,135551,576,3,0.5,7,mortgage,home,394.04,high_school,0
43,178638,374865,677,20,0.11,18,rent,medical,1696.22,bachelors,1
24,22728,151638,664,14,0.56,6,rent,home,732.55,high_school,1
62,87461,145925,511,28,0.2,7,mortgage,medical,1603.57,phd,1
48,116636,100165,451,30,0.12,15,own,car,330.58,bachelors,1
52,67292,469127,588,1,0.27,6,rent,medical,9981.43,bachelors,1
50,125514,398448,402,33,0.15,1,mortgage,home,1915.62,phd,1
22,48845,408763,313,2,0.14,3,rent,car,25547.69,high_school,0
68,108706,403286,387,12,0.15,19,rent,car,2228.1,masters,1
51,60504,145224,549,3,0.43,18,own,home,2269.12,high_school,1
47,57181,228941,301,14,0.07,13,own,education,1802.69,masters,1
64,120858,62742,415,31,0.17,8,own,education,1230.24,masters,1
26,31363,180554,454,11,0.35,20,own,medical,2051.75,phd,1
63,99053,147130,593,22,0.66,16,mortgage,education,2884.9,masters,1
30,58427,383191,627,9,0.32,16,own,home,2488.25,phd,1
30,43710,206860,630,8,0.18,12,rent,business,801.78,phd,1
61,107415,293011,441,15,0.32,16,mortgage,personal,1031.73,phd,0
55,80323,226166,693,5,0.46,17,mortgage,medical,4038.68,bachelors,1
22,115000,36235,785,8,0.69,12,rent,car,146.7,masters,1
30,164572,122748,731,15,0.2,2,mortgage,car,1444.09,high_school,1
48,117434,43676,355,6,0.51,16,mortgage,car,502.02,high_school,0
44,57035,303415,380,15,0.1,14,own,car,3655.6,phd,1
40,143256,343085,721,21,0.36,1,rent,home,8168.69,bachelors,1
62,28419,212822,477,32,0.16,14,mortgage,business,700.07,masters,0
48,61104,70605,578,5,0.42,7,rent,personal,569.4,high_school,0
46,68154,347202,379,29,0.38,13,rent,car,1718.82,high_school,0
27,47367,448867,379,23,0.47,11,own,car,4724.92,masters,1
55,47909,401635,366,13,0.47,10,own,personal,1188.27,bachelors,1
26,169454,169930,345,30,0.08,3,rent,home,1089.29,masters,1
46,151128,385469,499,20,0.58,12,own,medical,2129.66,high_school,1
27,151642,205336,453,1,0.46,16,mortgage,home,2184.43,masters,1
30,141400,126409,380,5,0.72,7,mortgage,medical,1344.78,bachelors,1
67,179577,73785,835,21,0.36,11,rent,education,2305.78,phd,1
66,121615,323178,544,13,0.75,3,own,personal,5298.0,phd,1
40,163428,169478,389,31,0.12,6,rent,car,1093.41,high_school,1
57,115244,377587,661,5,0.1,15,rent,business,1586.5,masters,1
28,169090,155274,799,2,0.3,13,rent,personal,655.16,bachelors,1
44,154343,221632,621,23,0.11,17,rent,education,673.65,high_school,1
36,167010,157389,308,9,0.65,13,own,personal,3212.02,phd,1
35,121770,250623,773,5,0.29,18,rent,home,2409.84,high_school,1
46,133538,171348,504,25,0.28,11,mortgage,business,671.95,bachelors,0
28,92974,251398,765,2,0.43,5,mortgage,car,832.44,masters,1
45,36357,116893,670,27,0.73,2,own,home,779.29,phd,1
37,66165,217372,385,9,0.1,3,rent,medical,961.82,phd,0
37,68255,229675,355,5,0.68,11,rent,car,1208.82,bachelors,0
47,146255,89247,786,34,0.53,14,rent,medical,5249.82,phd,1
33,40397,436753,448,20,0.51,11,own,car,5020.15,phd,1
52,102944,383685,416,26,0.23,1,rent,car,1131.81,phd,1
34,69193,320067,730,34,0.59,13,own,education,2936.39,bachelors,1
64,171214,13488,314,23,0.62,10,rent,personal,50.52,high_school,0
47,112203,406122,660,34,0.35,11,own,car,1758.1,phd,1
44,66372,154436,466,34,0.36,14,mortgage,education,2757.79,high_school,1
62,24306,399121,721,6,0.4,20,mortgage,home,1483.72,phd,1
58,28555,412308,596,26,0.2,15,mortgage,business,3681.32,high_school,1
43,141620,201421,722,25,0.06,8,mortgage,education,577.14,masters,1
37,100582,481608,724,15,0.05,14,own,home,5351.2,high_school,1
54,177272,304991,625,21,0.17,14,own,personal,2772.65,phd,1
60,123105,338590,352,27,0.14,13,mortgage,car,1945.92,phd,1
27,53116,416189,816,7,0.49,13,mortgage,education,2351.35,bachelors,1
34,44446,334721,395,1,0.36,19,own,home,1101.06,high_school,0
29,138936,475763,666,11,0.22,8,rent,car,2320.8,bachelors,1
37,33565,333958,581,5,0.7,1,mortgage,personal,4911.15,high_school,0
27,57181,53641,589,16,0.68,3,rent,education,253.02,bachelors,1
27,148722,333037,322,26,0.1,3,own,medical,1632.53,phd,1
49,62232,98678,484,19,0.06,19,mortgage,personal,1370.53,high_school,1
42,110907,278546,795,34,0.05,9,own,car,973.94,high_school,1
30,76703,20465,673,7,0.68,11,own,car,269.28,high_school,1
38,91740,187742,793,12,0.72,18,mortgage,education,708.46,phd,0
33,85560,470208,477,12,0.53,9,rent,home,4898.0,masters,1
34,147882,396684,743,28,0.35,9,rent,personal,1231.94,high_school,1
43,118031,22699,365,28,0.17,17,rent,personal,140.12,phd,1
59,159066,99321,660,25,0.07,11,rent,car,724.97,masters,1
44,58021,365863,621,7,0.06,1,mortgage,education,1463.45,bachelors,1
57,104295,153695,538,35,0.1,20,own,personal,2401.48,bachelors,1
63,39614,172835,731,27,0.27,7,own,home,647.32,phd,1
23,91936,94726,731,7,0.14,20,rent,personal,712.23,phd,1
62,170931,446263,304,29,0.25,13,own,personal,2425.34,high_school,1
62,24265,425748,371,30,0.12,14,mortgage,education,2446.83,masters,1
56,102096,370144,805,3,0.33,15,rent,medical,1823.37,high_school,1
60,46933,10450,329,14,0.08,5,own,education,82.28,phd,1
44,160917,416536,305,3,0.23,2,own,home,8330.72,masters,1
37,106331,489892,688,17,0.54,5,mortgage,business,6445.95,high_school,1
58,128342,131103,757,7,0.42,19,rent,medical,845.83,phd,1
41,146538,160312,531,5,0.23,3,rent,personal,459.35,bachelors,0
65,40451,11882,376,31,0.09,7,rent,business,45.52,bachelors,0
27,109246,169290,513,33,0.41,10,mortgage,business,627.0,bachelors,1
44,121076,214822,763,32,0.19,7,own,education,2237.73,phd,1
64,100516,61189,404,9,0.37,4,own,home,571.86,phd,1
54,138657,293517,660,16,0.13,3,rent,business,3297.94,bachelors,1
46,151646,236389,741,32,0.28,9,rent,home,687.18,high_school,1
33,97071,149664,493,25,0.17,17,mortgage,business,2233.79,phd,1
64,33073,32859,554,7,0.2,2,mortgage,education,730.2,bachelors,0
60,126052,389787,701,25,0.12,9,rent,car,3360.23,bachelors,1
43,95495,268842,594,0,0.12,20,rent,medical,2006.28,masters,1
31,69111,11676,640,29,0.15,16,rent,education,114.47,high_school,1
37,40179,253423,474,0,0.47,19,own,business,1001.67,bachelors,1
57,96194,400833,533,33,0.4,5,own,home,2190.34,masters,1
49,148624,260062,659,34,0.23,9,rent,business,1354.49,high_school,1
54,176170,277267,795,7,0.24,1,own,business,794.46,bachelors,1
30,113636,393503,809,1,0.22,14,rent,car,3545.07,high_school,1
27,91807,482273,760,33,0.17,12,rent,business,3152.11,phd,1
40,69957,442346,342,33,0.54,20,own,business,1464.72,phd,1
39,48885,82139,308,31,0.7,15,mortgage,car,248.15,masters,0
56,62626,424317,610,31,0.25,10,own,business,3449.73,high_school,1
24,148022,351162,613,0,0.35,1,own,education,1838.54,bachelors,1
39,151594,79786,458,5,0.55,7,rent,personal,498.66,high_school,1
43,85202,479041,695,27,0.33,4,rent,education,4790.41,masters,1
57,134246,109598,630,8,0.53,9,own,business,660.23,bachelors,1
61,140888,442178,487,24,0.6,14,own,car,2570.8,phd,1
53,113731,225466,779,22,0.35,14,rent,home,993.24,high_school,1
40,83608,289829,824,23,0.14,19,rent,home,3813.54,phd,1
46,21560,33493,773,33,0.37,3,own,education,184.03,high_school,1
57,146213,311507,639,3,0.14,17,mortgage,medical,2685.41,high_school,1
54,57788,359251,807,8,0.21,5,rent,medical,23950.07,masters,1
33,50070,466320,368,0,0.16,4,mortgage,home,4020.0,bachelors,0
27,144188,34178,325,32,0.36,4,rent,business,322.43,phd,1
55,88228,338550,749,7,0.35,1,own,car,3419.7,bachelors,1
53,163309,156754,505,30,0.39,4,mortgage,business,444.06,masters,1
27,141625,153594,726,27,0.15,15,own,personal,9034.94,phd,1
58,99367,480559,334,28,0.08,12,own,business,3140.91,phd,1
53,151912,280280,515,22,0.68,13,mortgage,home,807.72,bachelors,1
30,112239,417455,647,29,0.55,5,rent,medical,1959.88,masters,1
51,118703,491231,783,11,0.45,17,mortgage,personal,6297.83,masters,1
65,104954,20477,656,25,0.1,6,own,home,76.69,high_school,1
35,82027,206370,407,11,0.56,14,own,home,2948.14,masters,1
23,39105,445758,752,23,0.47,1,own,education,1841.98,high_school,1
57,165874,234383,504,12,0.23,10,own,car,1001.64,bachelors,1
54,70409,355569,388,1,0.49,4,own,home,25397.79,bachelors,0
55,38865,482620,648,11,0.53,17,rent,car,1587.57,bachelors,1
51,151294,297918,660,22,0.48,5,own,business,897.34,phd,1
26,53342,266468,829,19,0.12,8,own,personal,11585.57,masters,1
35,95994,40626,557,24,0.54,6,rent,home,146.66,bachelors,1
46,34849,142915,413,30,0.71,1,own,education,985.62,phd,1
33,107697,433218,360,8,0.19,11,mortgage,home,1640.98,bachelors,1
60,29269,318601,654,4,0.71,20,own,personal,4084.63,phd,1
38,30942,123093,406,2,0.4,12,rent,business,961.66,masters,0
33,160033,32336,688,1,0.44,13,rent,medical,139.38,bachelors,1
65,131891,475363,441,7,0.36,20,rent,education,2542.05,bachelors,0
35,44114,399562,310,14,0.34,18,mortgage,home,2874.55,high_school,0
24,40083,153161,358,8,0.36,2,rent,education,951.31,bachelors,0
63,52080,290027,378,4,0.23,7,rent,medical,2338.93,masters,0
49,99355,347697,675,35,0.25,8,mortgage,education,1203.1,masters,1
47,147456,76896,586,5,0.19,17,own,education,1039.14,bachelors,1
44,57214,345739,336,15,0.54,15,own,home,11922.03,phd,1
40,42149,206293,361,17,0.65,16,own,business,863.15,phd,1
23,78837,231012,510,24,0.18,18,own,medical,8250.43,masters,1
22,179577,314832,644,16,0.62,7,own,education,1368.83,phd,1
67,34973,383167,411,35,0.32,10,mortgage,business,1256.29,phd,1
37,62611,489788,690,29,0.57,8,own,home,3222.29,masters,1
26,85518,25240,602,21,0.45,20,rent,education,72.32,masters,1
59,23234,173290,427,19,0.45,9,own,business,8664.5,phd,1
49,22325,256767,777,2,0.73,18,own,business,833.66,high_school,1
60,164558,140269,621,4,0.36,9,rent,business,1095.85,bachelors,1
61,65742,348199,450,3,0.21,2,own,medical,1130.52,phd,1
35,35941,447987,565,16,0.06,12,mortgage,medical,1404.35,high_school,1
36,111679,64340,411,4,0.4,17,own,car,361.46,bachelors,0
64,129043,80014,373,27,0.66,1,rent,personal,437.23,masters,0
47,118229,89050,781,18,0.49,12,own,education,283.6,bachelors,1
41,153902,203621,820,22,0.71,19,own,medical,983.68,bachelors,1
62,40563,306171,379,14,0.45,18,mortgage,business,1085.71,high_school,0
63,157480,107248,832,28,0.27,19,rent,car,788.59,masters,1
44,80526,65511,766,20,0.57,8,rent,medical,332.54,phd,1
25,114973,224598,795,14,0.36,8,mortgage,car,1020.9,bachelors,1
64,173290,184081,441,16,0.61,11,own,home,810.93,phd,1
52,71931,68328,484,29,0.06,14,rent,personal,1084.57,phd,1
29,28932,43280,741,1,0.53,5,mortgage,personal,189.82,phd,0
56,83290,437388,600,7,0.29,11,mortgage,personal,12496.8,high_school,1
25,113050,393338,759,26,0.49,14,rent,business,3746.08,bachelors,1
53,41964,198920,455,0,0.47,15,rent,education,1950.2,phd,0
53,174161,263627,586,6,0.21,11,own,personal,1668.53,phd,1
32,57538,150886,342,13,0.35,19,mortgage,education,798.34,high_school,1
39,63409,235118,421,18,0.24,8,own,education,730.18,masters,1
63,93040,444767,444,6,0.19,17,own,home,1544.33,high_school,0
55,71152,18514,306,31,0.63,12,own,education,77.46,phd,0
39,48734,263607,422,28,0.67,9,own,car,744.65,masters,1
28,112725,176502,380,14,0.56,6,mortgage,education,723.37,masters,0
25,102525,374677,339,27,0.12,17,rent,car,1115.11,high_school,1
61,22089,462239,551,8,0.46,8,mortgage,car,1834.28,masters,1
67,150213,464204,589,8,0.19,3,mortgage,medical,35708.0,bachelors,1
48,37632,377239,802,35,0.48,6,own,business,1157.17,masters,1
61,111410,99405,795,33,0.51,10,own,education,379.41,phd,1
61,122815,55611,665,34,0.39,8,own,education,231.71,phd,1
28,66188,187231,775,20,0.51,13,mortgage,car,714.62,phd,1
59,128004,271069,540,1,0.25,7,rent,home,1869.44,masters,1
49,131463,145675,708,16,0.69,16,mortgage,car,432.27,masters,1
23,100874,464078,758,26,0.2,6,mortgage,car,1423.55,high_school,1
55,25221,374481,321,24,0.11,11,rent,personal,1079.2,high_school,0
24,155960,87309,515,23,0.42,18,rent,medical,545.68,bachelors,1
42,128369,497837,520,35,0.56,1,own,home,1857.6,high_school,1
46,147113,17711,343,10,0.25,8,mortgage,medical,610.72,bachelors,1
45,125054,45122,434,17,0.65,3,mortgage,medical,2051.0,phd,1
21,162002,420561,455,6,0.57,13,own,personal,2376.05,masters,0
40,91840,348959,769,12,0.12,19,rent,business,1510.65,masters,1
26,78262,154119,716,35,0.24,18,mortgage,car,7705.95,phd,1
44,163283,18050,410,28,0.21,13,own,business,70.51,masters,1
57,48560,335256,618,21,0.15,3,own,personal,2841.15,bachelors,1
36,41990,253258,444,25,0.48,17,mortgage,personal,6029.95,bachelors,0
52,86066,442425,721,19,0.57,5,own,education,31601.79,phd,1
56,148116,128595,811,20,0.72,11,rent,medical,467.62,phd,1
56,41347,201967,407,27,0.54,5,own,car,2082.13,high_school,1
28,30239,426083,734,31,0.17,17,rent,car,1972.61,phd,1
21,97791,382457,420,27,0.75,9,mortgage,education,1274.86,masters,0
54,73598,252521,680,33,0.47,15,own,education,2630.43,bachelors,1
54,144222,83826,310,20,0.34,16,own,home,776.17,masters,1
50,106778,316665,396,3,0.49,6,own,education,1684.39,bachelors,1
61,23703,482894,497,17,0.25,14,mortgage,medical,2414.47,masters,0
37,167092,58989,507,4,0.46,7,rent,car,196.63,masters,0
27,53214,409739,834,24,0.28,19,mortgage,education,3443.18,phd,1
34,43943,463549,450,9,0.17,1,rent,home,5653.04,high_school,1
53,135261,267340,735,30,0.28,4,own,personal,1304.1,phd,1
43,101726,468096,834,20,0.42,20,own,car,5507.01,masters,1
48,166928,136354,752,31,0.54,4,mortgage,business,1323.83,masters,1
50,110699,464430,734,13,0.48,7,rent,education,27319.41,bachelors,1
33,135888,312331,669,33,0.19,10,rent,home,2215.11,masters,1
38,28789,369641,581,30,0.33,9,rent,medical,1215.92,high_school,1
22,143419,398182,765,31,0.17,18,own,home,15314.69,masters,1
66,66375,448444,434,5,0.34,4,own,business,2607.23,high_school,0
27,162628,391638,584,12,0.51,1,rent,medical,3996.31,masters,1
44,155355,355078,314,25,0.34,2,own,car,2399.18,bachelors,1
26,65242,109167,754,2,0.24,17,rent,car,638.4,high_school,1
42,142225,486302,388,29,0.11,3,own,medical,4544.88,high_school,1
41,174966,119046,320,10,0.6,12,rent,home,704.41,bachelors,1
33,54795,155510,617,3,0.32,6,rent,car,697.35,masters,0
35,69347,159629,579,12,0.17,9,mortgage,business,2705.58,masters,1
43,157112,442635,760,10,0.08,19,rent,car,1891.6,bachelors,1
43,95678,269118,512,21,0.54,18,mortgage,education,982.18,high_school,1
50,88379,335885,332,7,0.41,6,rent,car,1076.55,phd,0
41,117591,59847,686,2,0.28,12,own,car,234.69,phd,1
27,69050,291669,666,19,0.16,6,own,business,925.93,phd,1
57,134024,137421,708,30,0.63,12,mortgage,education,382.79,phd,1
35,152896,146222,410,26,0.35,19,rent,personal,1539.18,high_school,1
53,63616,302789,607,33,0.19,5,own,medical,7763.82,masters,1
30,110728,5442,769,25,0.17,5,own,car,32.2,masters,1
26,68390,384654,541,13,0.36,8,own,medical,27475.29,masters,1
51,164134,355453,703,13,0.69,13,rent,medical,5827.1,bachelors,1
45,53686,176500,625,8,0.33,10,mortgage,medical,556.78,phd,1
52,173728,98407,327,14,0.67,8,rent,education,367.19,masters,1
21,177068,77393,707,4,0.5,16,own,home,466.22,bachelors,1
62,67153,207802,735,9,0.25,16,own,education,2017.5,phd,1
31,124389,48327,829,6,0.38,12,mortgage,medical,139.27,high_school,1
21,62174,206321,626,8,0.45,15,own,business,904.92,phd,1
24,99417,65795,735,16,0.57,20,rent,personal,259.04,masters,1
44,49274,206049,483,27,0.42,3,own,home,656.21,masters,1
37,71803,248669,827,29,0.35,10,own,home,1006.76,phd,1
64,116808,160264,558,27,0.29,1,mortgage,education,989.28,bachelors,1
43,129329,338438,317,28,0.28,2,mortgage,home,11281.27,masters,0
32,42032,80835,847,6,0.14,16,rent,education,328.6,masters,1
65,83989,176226,836,29,0.08,12,own,car,851.33,high_school,1
42,99163,396520,732,25,0.07,9,mortgage,medical,1701.8,high_school,1
28,70238,287673,567,19,0.48,8,mortgage,home,943.19,masters,0
48,92033,28982,490,17,0.4,20,rent,car,191.93,masters,1
21,126740,349568,512,1,0.6,5,rent,education,1099.27,phd,0
27,78018,120897,530,1,0.55,3,mortgage,education,386.25,phd,0
47,176036,492521,636,34,0.32,18,own,education,2814.41,masters,1
50,150803,357838,515,34,0.54,13,rent,business,1022.39,high_school,1
57,40606,48564,798,35,0.74,7,mortgage,personal,290.8,masters,1
64,142520,92416,330,9,0.49,20,rent,personal,412.57,phd,1
22,94419,286853,802,15,0.31,5,rent,personal,4702.51,high_school,1
28,169617,407063,596,11,0.66,13,mortgage,business,3309.46,masters,1
47,177089,335445,585,20,0.59,4,mortgage,medical,1247.01,masters,1
46,149717,240644,775,18,0.63,6,own,business,18511.08,masters,1
55,107570,56549,775,11,0.53,13,mortgage,medical,250.22,phd,1
60,78770,319346,441,32,0.75,19,mortgage,business,1794.08,high_school,1
60,85520,199141,470,30,0.53,1,mortgage,personal,677.35,phd,1
31,140001,496331,677,15,0.17,7,rent,car,11029.58,masters,1
22,74265,321276,772,29,0.22,15,own,car,1198.79,phd,1
42,61750,41617,550,29,0.56,1,mortgage,home,149.7,phd,0
51,121008,468133,372,26,0.72,18,own,medical,1983.61,high_school,0
39,124437,491219,340,23,0.33,17,mortgage,medical,2126.49,phd,1
28,47164,308988,449,16,0.58,4,mortgage,car,1385.6,masters,0
36,146508,341611,515,16,0.12,3,rent,medical,2493.51,phd,1
37,109769,241126,602,28,0.28,9,mortgage,education,2905.13,high_school,1
35,117216,380304,671,18,0.26,6,mortgage,medical,1491.39,masters,1
66,135307,369423,601,9,0.57,5,own,personal,1776.07,masters,1
34,172890,141011,610,9,0.46,12,mortgage,personal,550.82,phd,1
60,64671,267718,652,9,0.46,11,mortgage,education,1029.68,phd,0
51,65976,38949,795,24,0.06,11,own,education,309.12,bachelors,1
30,92958,245816,422,12,0.3,19,mortgage,home,2137.53,bachelors,1
61,45910,295080,637,32,0.1,18,mortgage,personal,7377.0,high_school,1
49,168557,422999,835,15,0.22,6,mortgage,medical,3304.68,bachelors,1
23,179681,394603,572,35,0.24,7,mortgage,home,1414.35,bachelors,1
40,35955,404339,512,14,0.22,19,rent,business,1413.77,high_school,1
61,39150,48718,501,30,0.13,16,own,home,153.2,bachelors,1
52,98632,63470,309,27,0.65,15,mortgage,car,5289.17,phd,0
38,149133,274589,480,21,0.41,10,mortgage,education,966.86,masters,1
36,109428,333163,581,35,0.4,15,own,car,22210.87,phd,1
51,149967,231500,467,11,0.1,10,own,business,684.91,masters,1
64,161188,404954,487,12,0.6,8,own,education,2314.02,masters,1
64,98659,105612,515,9,0.28,13,own,car,593.33,bachelors,1
54,144197,142811,726,17,0.21,16,rent,education,850.07,bachelors,1
68,102666,211329,760,19,0.35,14,own,business,956.24,high_school,1
43,56681,374276,767,17,0.06,7,own,medical,2310.35,masters,1
48,120245,109570,633,35,0.44,7,mortgage,personal,720.86,phd,1
27,39510,256491,548,10,0.28,19,rent,home,982.72,phd,1
58,118308,184669,360,6,0.09,9,mortgage,education,1176.24,phd,1
28,143690,411450,437,4,0.28,14,own,car,1349.02,masters,1
36,105941,157787,566,35,0.42,1,own,home,805.04,masters,1
49,76311,246593,488,20,0.38,12,rent,car,1736.57,masters,0
29,51245,259991,720,27,0.33,2,mortgage,home,12999.55,masters,1
57,134611,176478,332,32,0.66,18,rent,education,525.23,masters,1
26,166352,274222,415,34,0.16,3,mortgage,business,5596.37,bachelors,1
64,132970,466656,583,29,0.37,5,mortgage,education,4444.34,high_school,1
54,133350,8331,321,25,0.45,20,rent,home,65.6,high_school,0
